Date,Product,Sales,Orders,Inventory
2023-01-01,Product_1,15,0,185
2023-01-02,Product_1,11,0,174
2023-01-03,Product_1,13,0,161
2023-01-04,Product_1,9,0,152
2023-01-05,Product_1,16,0,136
2023-01-06,Product_1,13,0,123
2023-01-07,Product_1,27,0,96
2023-01-08,Product_1,15,0,81
2023-01-09,Product_1,7,40,114
2023-01-10,Product_1,8,0,106
2023-01-11,Product_1,17,0,89
2023-01-12,Product_1,13,30,106
2023-01-13,Product_1,5,0,101
2023-01-14,Product_1,23,50,128
2023-01-15,Product_1,21,0,107
2023-01-16,Product_1,16,0,91
2023-01-17,Product_1,8,0,83
2023-01-18,Product_1,8,50,125
2023-01-19,Product_1,7,0,118
2023-01-20,Product_1,8,0,110
2023-01-21,Product_1,11,0,99
2023-01-22,Product_1,18,0,81
2023-01-23,Product_1,20,30,91
2023-01-24,Product_1,6,0,85
2023-01-25,Product_1,13,50,122
2023-01-26,Product_1,15,0,107
2023-01-27,Product_1,9,0,98
2023-01-28,Product_1,19,30,109
2023-01-29,Product_1,12,0,97
2023-01-30,Product_1,13,0,84
2023-01-31,Product_1,8,40,116
2023-02-01,Product_1,8,0,108
2023-02-02,Product_1,17,0,91
2023-02-03,Product_1,18,50,123
2023-02-04,Product_1,27,0,96
2023-02-05,Product_1,20,40,116
2023-02-06,Product_1,10,0,106
2023-02-07,Product_1,15,0,91
2023-02-08,Product_1,7,0,84
2023-02-09,Product_1,19,30,95
2023-02-10,Product_1,13,0,82
2023-02-11,Product_1,17,30,95
2023-02-12,Product_1,20,30,105
2023-02-13,Product_1,12,0,93
2023-02-14,Product_1,15,40,118
2023-02-15,Product_1,13,0,105
2023-02-16,Product_1,8,0,97
2023-02-17,Product_1,9,0,88
2023-02-18,Product_1,28,40,100
2023-02-19,Product_1,26,30,104
2023-02-20,Product_1,19,0,85
2023-02-21,Product_1,13,40,112
2023-02-22,Product_1,18,0,94
2023-02-23,Product_1,15,40,119
2023-02-24,Product_1,6,0,113
2023-02-25,Product_1,29,0,84
2023-02-26,Product_1,13,50,121
2023-02-27,Product_1,19,0,102
2023-02-28,Product_1,19,0,83
2023-03-01,Product_1,16,30,97
2023-03-02,Product_1,10,0,87
2023-03-03,Product_1,15,40,112
2023-03-04,Product_1,21,0,91
2023-03-05,Product_1,11,0,80
2023-03-06,Product_1,6,50,124
2023-03-07,Product_1,17,0,107
2023-03-08,Product_1,10,0,97
2023-03-09,Product_1,16,0,81
2023-03-10,Product_1,12,50,119
2023-03-11,Product_1,19,0,100
2023-03-12,Product_1,20,0,80
2023-03-13,Product_1,16,50,114
2023-03-14,Product_1,20,0,94
2023-03-15,Product_1,8,0,86
2023-03-16,Product_1,15,30,101
2023-03-17,Product_1,13,0,88
2023-03-18,Product_1,19,40,109
2023-03-19,Product_1,27,0,82
2023-03-20,Product_1,7,40,115
2023-03-21,Product_1,9,0,106
2023-03-22,Product_1,7,0,99
2023-03-23,Product_1,8,0,91
2023-03-24,Product_1,9,0,82
2023-03-25,Product_1,22,50,110
2023-03-26,Product_1,19,0,91
2023-03-27,Product_1,14,30,107
2023-03-28,Product_1,8,0,99
2023-03-29,Product_1,10,0,89
2023-03-30,Product_1,20,50,119
2023-03-31,Product_1,17,0,102
2023-04-01,Product_1,17,0,85
2023-04-02,Product_1,22,50,113
2023-04-03,Product_1,15,0,98
2023-04-04,Product_1,8,0,90
2023-04-05,Product_1,14,50,126
2023-04-06,Product_1,18,0,108
2023-04-07,Product_1,5,0,103
2023-04-08,Product_1,14,0,89
2023-04-09,Product_1,21,40,108
2023-04-10,Product_1,13,0,95
2023-04-11,Product_1,12,0,83
2023-04-12,Product_1,12,40,111
2023-04-13,Product_1,12,0,99
2023-04-14,Product_1,17,0,82
2023-04-15,Product_1,28,30,84
2023-04-16,Product_1,27,40,97
2023-04-17,Product_1,6,0,91
2023-04-18,Product_1,18,40,113
2023-04-19,Product_1,12,0,101
2023-04-20,Product_1,11,0,90
2023-04-21,Product_1,7,0,83
2023-04-22,Product_1,24,40,99
2023-04-23,Product_1,18,0,81
2023-04-24,Product_1,12,50,119
2023-04-25,Product_1,11,0,108
2023-04-26,Product_1,13,0,95
2023-04-27,Product_1,5,0,90
2023-04-28,Product_1,14,40,116
2023-04-29,Product_1,25,0,91
2023-04-30,Product_1,13,50,128
2023-05-01,Product_1,18,0,110
2023-05-02,Product_1,10,0,100
2023-05-03,Product_1,18,0,82
2023-05-04,Product_1,20,50,112
2023-05-05,Product_1,20,0,92
2023-05-06,Product_1,17,30,105
2023-05-07,Product_1,19,0,86
2023-05-08,Product_1,8,40,118
2023-05-09,Product_1,15,0,103
2023-05-10,Product_1,16,0,87
2023-05-11,Product_1,17,30,100
2023-05-12,Product_1,18,0,82
2023-05-13,Product_1,12,50,120
2023-05-14,Product_1,18,0,102
2023-05-15,Product_1,20,0,82
2023-05-16,Product_1,12,40,110
2023-05-17,Product_1,5,0,105
2023-05-18,Product_1,7,0,98
2023-05-19,Product_1,18,0,80
2023-05-20,Product_1,24,40,96
2023-05-21,Product_1,21,40,115
2023-05-22,Product_1,16,0,99
2023-05-23,Product_1,13,0,86
2023-05-24,Product_1,5,0,81
2023-05-25,Product_1,7,50,124
2023-05-26,Product_1,17,0,107
2023-05-27,Product_1,12,0,95
2023-05-28,Product_1,22,40,113
2023-05-29,Product_1,14,0,99
2023-05-30,Product_1,16,0,83
2023-05-31,Product_1,9,30,104
2023-06-01,Product_1,5,0,99
2023-06-02,Product_1,20,40,119
2023-06-03,Product_1,18,0,101
2023-06-04,Product_1,18,0,83
2023-06-05,Product_1,15,40,108
2023-06-06,Product_1,19,0,89
2023-06-07,Product_1,11,50,128
2023-06-08,Product_1,11,0,117
2023-06-09,Product_1,14,0,103
2023-06-10,Product_1,16,0,87
2023-06-11,Product_1,27,50,110
2023-06-12,Product_1,15,0,95
2023-06-13,Product_1,7,0,88
2023-06-14,Product_1,12,40,116
2023-06-15,Product_1,20,0,96
2023-06-16,Product_1,18,40,118
2023-06-17,Product_1,20,0,98
2023-06-18,Product_1,26,50,122
2023-06-19,Product_1,8,0,114
2023-06-20,Product_1,8,0,106
2023-06-21,Product_1,10,0,96
2023-06-22,Product_1,19,30,107
2023-06-23,Product_1,7,0,100
2023-06-24,Product_1,26,50,124
2023-06-25,Product_1,18,0,106
2023-06-26,Product_1,8,0,98
2023-06-27,Product_1,20,40,118
2023-06-28,Product_1,15,0,103
2023-06-29,Product_1,9,0,94
2023-06-30,Product_1,9,0,85
2023-07-01,Product_1,22,50,113
2023-07-02,Product_1,21,0,92
2023-07-03,Product_1,20,50,122
2023-07-04,Product_1,15,0,107
2023-07-05,Product_1,5,0,102
2023-07-06,Product_1,10,0,92
2023-07-07,Product_1,11,0,81
2023-07-08,Product_1,11,50,120
2023-07-09,Product_1,24,0,96
2023-07-10,Product_1,7,0,89
2023-07-11,Product_1,5,0,84
2023-07-12,Product_1,7,30,107
2023-07-13,Product_1,12,0,95
2023-07-14,Product_1,10,0,85
2023-07-15,Product_1,12,40,113
2023-07-16,Product_1,28,0,85
2023-07-17,Product_1,18,30,97
2023-07-18,Product_1,19,40,118
2023-07-19,Product_1,17,0,101
2023-07-20,Product_1,13,0,88
2023-07-21,Product_1,20,40,108
2023-07-22,Product_1,18,0,90
2023-07-23,Product_1,28,40,102
2023-07-24,Product_1,11,0,91
2023-07-25,Product_1,19,30,102
2023-07-26,Product_1,11,0,91
2023-07-27,Product_1,20,40,111
2023-07-28,Product_1,19,0,92
2023-07-29,Product_1,14,40,118
2023-07-30,Product_1,16,0,102
2023-07-31,Product_1,8,0,94
2023-08-01,Product_1,14,0,80
2023-08-02,Product_1,5,40,115
2023-08-03,Product_1,7,0,108
2023-08-04,Product_1,15,0,93
2023-08-05,Product_1,17,30,106
2023-08-06,Product_1,16,0,90
2023-08-07,Product_1,7,0,83
2023-08-08,Product_1,6,50,127
2023-08-09,Product_1,15,0,112
2023-08-10,Product_1,14,0,98
2023-08-11,Product_1,19,40,119
2023-08-12,Product_1,22,0,97
2023-08-13,Product_1,15,0,82
2023-08-14,Product_1,6,40,116
2023-08-15,Product_1,8,0,108
2023-08-16,Product_1,15,0,93
2023-08-17,Product_1,14,30,109
2023-08-18,Product_1,8,0,101
2023-08-19,Product_1,18,0,83
2023-08-20,Product_1,24,40,99
2023-08-21,Product_1,20,40,119
2023-08-22,Product_1,19,0,100
2023-08-23,Product_1,10,0,90
2023-08-24,Product_1,18,40,112
2023-08-25,Product_1,18,0,94
2023-08-26,Product_1,24,50,120
2023-08-27,Product_1,13,0,107
2023-08-28,Product_1,6,0,101
2023-08-29,Product_1,20,0,81
2023-08-30,Product_1,8,40,113
2023-08-31,Product_1,10,0,103
2023-09-01,Product_1,8,0,95
2023-09-02,Product_1,26,50,119
2023-09-03,Product_1,24,0,95
2023-09-04,Product_1,12,0,83
2023-09-05,Product_1,6,30,107
2023-09-06,Product_1,19,0,88
2023-09-07,Product_1,17,30,101
2023-09-08,Product_1,17,0,84
2023-09-09,Product_1,21,40,103
2023-09-10,Product_1,20,0,83
2023-09-11,Product_1,8,50,125
2023-09-12,Product_1,13,0,112
2023-09-13,Product_1,10,0,102
2023-09-14,Product_1,8,0,94
2023-09-15,Product_1,7,0,87
2023-09-16,Product_1,15,50,122
2023-09-17,Product_1,20,0,102
2023-09-18,Product_1,15,0,87
2023-09-19,Product_1,6,0,81
2023-09-20,Product_1,5,30,106
2023-09-21,Product_1,18,0,88
2023-09-22,Product_1,14,50,124
2023-09-23,Product_1,17,0,107
2023-09-24,Product_1,24,0,83
2023-09-25,Product_1,16,50,117
2023-09-26,Product_1,15,0,102
2023-09-27,Product_1,11,0,91
2023-09-28,Product_1,16,50,125
2023-09-29,Product_1,12,0,113
2023-09-30,Product_1,17,0,96
2023-10-01,Product_1,20,30,106
2023-10-02,Product_1,16,0,90
2023-10-03,Product_1,9,0,81
2023-10-04,Product_1,6,40,115
2023-10-05,Product_1,11,0,104
2023-10-06,Product_1,18,0,86
2023-10-07,Product_1,29,40,97
2023-10-08,Product_1,21,40,116
2023-10-09,Product_1,5,0,111
2023-10-10,Product_1,16,0,95
2023-10-11,Product_1,11,0,84
2023-10-12,Product_1,10,50,124
2023-10-13,Product_1,9,0,115
2023-10-14,Product_1,14,0,101
2023-10-15,Product_1,18,0,83
2023-10-16,Product_1,7,30,106
2023-10-17,Product_1,7,0,99
2023-10-18,Product_1,16,0,83
2023-10-19,Product_1,13,50,120
2023-10-20,Product_1,11,0,109
2023-10-21,Product_1,24,0,85
2023-10-22,Product_1,13,30,102
2023-10-23,Product_1,12,0,90
2023-10-24,Product_1,6,0,84
2023-10-25,Product_1,19,50,115
2023-10-26,Product_1,10,0,105
2023-10-27,Product_1,17,0,88
2023-10-28,Product_1,25,40,103
2023-10-29,Product_1,27,50,126
2023-10-30,Product_1,16,0,110
2023-10-31,Product_1,8,0,102
2023-11-01,Product_1,5,0,97
2023-11-02,Product_1,11,0,86
2023-11-03,Product_1,16,30,100
2023-11-04,Product_1,25,30,105
2023-11-05,Product_1,12,0,93
2023-11-06,Product_1,13,0,80
2023-11-07,Product_1,5,50,125
2023-11-08,Product_1,6,0,119
2023-11-09,Product_1,5,0,114
2023-11-10,Product_1,10,0,104
2023-11-11,Product_1,22,0,82
2023-11-12,Product_1,18,50,114
2023-11-13,Product_1,18,0,96
2023-11-14,Product_1,17,50,129
2023-11-15,Product_1,20,0,109
2023-11-16,Product_1,16,0,93
2023-11-17,Product_1,17,40,116
2023-11-18,Product_1,19,0,97
2023-11-19,Product_1,12,0,85
2023-11-20,Product_1,8,50,127
2023-11-21,Product_1,15,0,112
2023-11-22,Product_1,12,0,100
2023-11-23,Product_1,19,0,81
2023-11-24,Product_1,20,40,101
2023-11-25,Product_1,27,50,124
2023-11-26,Product_1,23,0,101
2023-11-27,Product_1,10,0,91
2023-11-28,Product_1,13,50,128
2023-11-29,Product_1,20,0,108
2023-11-30,Product_1,7,0,101
2023-12-01,Product_1,16,0,85
2023-12-02,Product_1,25,30,90
2023-12-03,Product_1,17,30,103
2023-12-04,Product_1,13,0,90
2023-12-05,Product_1,9,0,81
2023-12-06,Product_1,13,50,118
2023-12-07,Product_1,18,0,100
2023-12-08,Product_1,14,0,86
2023-12-09,Product_1,15,30,101
2023-12-10,Product_1,14,0,87
2023-12-11,Product_1,9,30,108
2023-12-12,Product_1,20,0,88
2023-12-13,Product_1,11,40,117
2023-12-14,Product_1,6,0,111
2023-12-15,Product_1,5,0,106
2023-12-16,Product_1,11,0,95
2023-12-17,Product_1,25,40,110
2023-12-18,Product_1,5,0,105
2023-12-19,Product_1,8,0,97
2023-12-20,Product_1,9,0,88
2023-12-21,Product_1,5,0,83
2023-12-22,Product_1,8,40,115
2023-12-23,Product_1,27,0,88
2023-12-24,Product_1,23,30,95
2023-12-25,Product_1,9,0,86
2023-12-26,Product_1,12,40,114
2023-12-27,Product_1,5,0,109
2023-12-28,Product_1,9,0,100
2023-12-29,Product_1,19,0,81
2023-12-30,Product_1,12,50,119
2023-12-31,Product_1,23,0,96
2023-01-01,Product_2,27,0,132
2023-01-02,Product_2,16,0,116
2023-01-03,Product_2,10,0,106
2023-01-04,Product_2,12,0,94
2023-01-05,Product_2,7,0,87
2023-01-06,Product_2,16,0,71
2023-01-07,Product_2,14,40,97
2023-01-08,Product_2,17,0,80
2023-01-09,Product_2,7,0,73
2023-01-10,Product_2,11,30,92
2023-01-11,Product_2,9,0,83
2023-01-12,Product_2,18,50,115
2023-01-13,Product_2,10,0,105
2023-01-14,Product_2,23,0,82
2023-01-15,Product_2,21,50,111
2023-01-16,Product_2,19,0,92
2023-01-17,Product_2,10,0,82
2023-01-18,Product_2,10,0,72
2023-01-19,Product_2,20,40,92
2023-01-20,Product_2,17,0,75
2023-01-21,Product_2,24,50,101
2023-01-22,Product_2,25,0,76
2023-01-23,Product_2,7,30,99
2023-01-24,Product_2,11,0,88
2023-01-25,Product_2,17,0,71
2023-01-26,Product_2,12,40,99
2023-01-27,Product_2,11,0,88
2023-01-28,Product_2,15,0,73
2023-01-29,Product_2,16,40,97
2023-01-30,Product_2,8,0,89
2023-01-31,Product_2,15,0,74
2023-02-01,Product_2,19,50,105
2023-02-02,Product_2,14,0,91
2023-02-03,Product_2,18,0,73
2023-02-04,Product_2,10,40,103
2023-02-05,Product_2,11,0,92
2023-02-06,Product_2,16,0,76
2023-02-07,Product_2,17,50,109
2023-02-08,Product_2,9,0,100
2023-02-09,Product_2,14,0,86
2023-02-10,Product_2,16,0,70
2023-02-11,Product_2,28,50,92
2023-02-12,Product_2,13,0,79
2023-02-13,Product_2,20,50,109
2023-02-14,Product_2,8,0,101
2023-02-15,Product_2,5,0,96
2023-02-16,Product_2,20,0,76
2023-02-17,Product_2,8,30,98
2023-02-18,Product_2,23,0,75
2023-02-19,Product_2,11,30,94
2023-02-20,Product_2,18,0,76
2023-02-21,Product_2,16,30,90
2023-02-22,Product_2,13,0,77
2023-02-23,Product_2,17,40,100
2023-02-24,Product_2,5,0,95
2023-02-25,Product_2,16,0,79
2023-02-26,Product_2,29,50,100
2023-02-27,Product_2,8,0,92
2023-02-28,Product_2,19,0,73
2023-03-01,Product_2,10,30,93
2023-03-02,Product_2,12,0,81
2023-03-03,Product_2,15,30,96
2023-03-04,Product_2,24,0,72
2023-03-05,Product_2,26,30,76
2023-03-06,Product_2,12,40,104
2023-03-07,Product_2,5,0,99
2023-03-08,Product_2,17,0,82
2023-03-09,Product_2,7,0,75
2023-03-10,Product_2,13,50,112
2023-03-11,Product_2,22,0,90
2023-03-12,Product_2,18,0,72
2023-03-13,Product_2,16,30,86
2023-03-14,Product_2,16,0,70
2023-03-15,Product_2,7,30,93
2023-03-16,Product_2,8,0,85
2023-03-17,Product_2,16,40,109
2023-03-18,Product_2,19,0,90
2023-03-19,Product_2,15,0,75
2023-03-20,Product_2,14,40,101
2023-03-21,Product_2,5,0,96
2023-03-22,Product_2,11,0,85
2023-03-23,Product_2,10,0,75
2023-03-24,Product_2,12,50,113
2023-03-25,Product_2,16,0,97
2023-03-26,Product_2,18,0,79
2023-03-27,Product_2,16,30,93
2023-03-28,Product_2,19,0,74
2023-03-29,Product_2,15,30,89
2023-03-30,Product_2,14,0,75
2023-03-31,Product_2,16,40,99
2023-04-01,Product_2,17,0,82
2023-04-02,Product_2,16,50,116
2023-04-03,Product_2,6,0,110
2023-04-04,Product_2,20,0,90
2023-04-05,Product_2,5,0,85
2023-04-06,Product_2,12,0,73
2023-04-07,Product_2,15,30,88
2023-04-08,Product_2,16,0,72
2023-04-09,Product_2,19,30,83
2023-04-10,Product_2,9,0,74
2023-04-11,Product_2,8,50,116
2023-04-12,Product_2,16,0,100
2023-04-13,Product_2,16,0,84
2023-04-14,Product_2,13,0,71
2023-04-15,Product_2,21,40,90
2023-04-16,Product_2,16,0,74
2023-04-17,Product_2,19,40,95
2023-04-18,Product_2,10,0,85
2023-04-19,Product_2,20,40,105
2023-04-20,Product_2,6,0,99
2023-04-21,Product_2,8,0,91
2023-04-22,Product_2,28,50,113
2023-04-23,Product_2,17,0,96
2023-04-24,Product_2,13,0,83
2023-04-25,Product_2,8,0,75
2023-04-26,Product_2,6,30,99
2023-04-27,Product_2,16,0,83
2023-04-28,Product_2,15,40,108
2023-04-29,Product_2,25,0,83
2023-04-30,Product_2,19,40,104
2023-05-01,Product_2,5,0,99
2023-05-02,Product_2,13,0,86
2023-05-03,Product_2,11,0,75
2023-05-04,Product_2,17,40,98
2023-05-05,Product_2,10,0,88
2023-05-06,Product_2,17,0,71
2023-05-07,Product_2,14,50,107
2023-05-08,Product_2,13,0,94
2023-05-09,Product_2,13,0,81
2023-05-10,Product_2,9,0,72
2023-05-11,Product_2,13,40,99
2023-05-12,Product_2,11,0,88
2023-05-13,Product_2,27,30,91
2023-05-14,Product_2,28,50,113
2023-05-15,Product_2,6,0,107
2023-05-16,Product_2,20,0,87
2023-05-17,Product_2,5,0,82
2023-05-18,Product_2,17,50,115
2023-05-19,Product_2,7,0,108
2023-05-20,Product_2,11,0,97
2023-05-21,Product_2,28,30,99
2023-05-22,Product_2,7,0,92
2023-05-23,Product_2,6,0,86
2023-05-24,Product_2,17,40,109
2023-05-25,Product_2,17,0,92
2023-05-26,Product_2,9,0,83
2023-05-27,Product_2,20,40,103
2023-05-28,Product_2,16,0,87
2023-05-29,Product_2,7,0,80
2023-05-30,Product_2,16,30,94
2023-05-31,Product_2,17,0,77
2023-06-01,Product_2,13,30,94
2023-06-02,Product_2,13,0,81
2023-06-03,Product_2,24,30,87
2023-06-04,Product_2,24,30,93
2023-06-05,Product_2,20,0,73
2023-06-06,Product_2,16,40,97
2023-06-07,Product_2,8,0,89
2023-06-08,Product_2,10,0,79
2023-06-09,Product_2,12,50,117
2023-06-10,Product_2,19,0,98
2023-06-11,Product_2,16,0,82
2023-06-12,Product_2,7,0,75
2023-06-13,Product_2,15,30,90
2023-06-14,Product_2,6,0,84
2023-06-15,Product_2,18,30,96
2023-06-16,Product_2,17,0,79
2023-06-17,Product_2,21,40,98
2023-06-18,Product_2,17,0,81
2023-06-19,Product_2,8,0,73
2023-06-20,Product_2,10,30,93
2023-06-21,Product_2,20,0,73
2023-06-22,Product_2,18,40,95
2023-06-23,Product_2,5,0,90
2023-06-24,Product_2,21,40,109
2023-06-25,Product_2,27,0,82
2023-06-26,Product_2,8,0,74
2023-06-27,Product_2,20,50,104
2023-06-28,Product_2,19,0,85
2023-06-29,Product_2,11,0,74
2023-06-30,Product_2,16,50,108
2023-07-01,Product_2,15,0,93
2023-07-02,Product_2,17,0,76
2023-07-03,Product_2,7,50,119
2023-07-04,Product_2,20,0,99
2023-07-05,Product_2,11,0,88
2023-07-06,Product_2,13,0,75
2023-07-07,Product_2,20,40,95
2023-07-08,Product_2,18,0,77
2023-07-09,Product_2,20,30,87
2023-07-10,Product_2,18,30,99
2023-07-11,Product_2,12,0,87
2023-07-12,Product_2,17,0,70
2023-07-13,Product_2,14,30,86
2023-07-14,Product_2,19,40,107
2023-07-15,Product_2,14,0,93
2023-07-16,Product_2,18,0,75
2023-07-17,Product_2,7,50,118
2023-07-18,Product_2,8,0,110
2023-07-19,Product_2,7,0,103
2023-07-20,Product_2,17,0,86
2023-07-21,Product_2,17,30,99
2023-07-22,Product_2,17,0,82
2023-07-23,Product_2,23,30,89
2023-07-24,Product_2,19,0,70
2023-07-25,Product_2,6,30,94
2023-07-26,Product_2,8,0,86
2023-07-27,Product_2,7,0,79
2023-07-28,Product_2,19,30,90
2023-07-29,Product_2,15,0,75
2023-07-30,Product_2,24,40,91
2023-07-31,Product_2,15,0,76
2023-08-01,Product_2,18,40,98
2023-08-02,Product_2,17,0,81
2023-08-03,Product_2,20,50,111
2023-08-04,Product_2,11,0,100
2023-08-05,Product_2,16,0,84
2023-08-06,Product_2,30,30,84
2023-08-07,Product_2,13,0,71
2023-08-08,Product_2,6,40,105
2023-08-09,Product_2,7,0,98
2023-08-10,Product_2,17,0,81
2023-08-11,Product_2,17,40,104
2023-08-12,Product_2,14,0,90
2023-08-13,Product_2,19,0,71
2023-08-14,Product_2,17,40,94
2023-08-15,Product_2,11,0,83
2023-08-16,Product_2,10,0,73
2023-08-17,Product_2,13,40,100
2023-08-18,Product_2,16,0,84
2023-08-19,Product_2,23,30,91
2023-08-20,Product_2,17,0,74
2023-08-21,Product_2,8,40,106
2023-08-22,Product_2,17,0,89
2023-08-23,Product_2,10,0,79
2023-08-24,Product_2,12,40,107
2023-08-25,Product_2,19,0,88
2023-08-26,Product_2,17,0,71
2023-08-27,Product_2,18,30,83
2023-08-28,Product_2,5,0,78
2023-08-29,Product_2,15,50,113
2023-08-30,Product_2,12,0,101
2023-08-31,Product_2,18,0,83
2023-09-01,Product_2,8,0,75
2023-09-02,Product_2,17,30,88
2023-09-03,Product_2,14,0,74
2023-09-04,Product_2,14,30,90
2023-09-05,Product_2,13,0,77
2023-09-06,Product_2,13,50,114
2023-09-07,Product_2,6,0,108
2023-09-08,Product_2,9,0,99
2023-09-09,Product_2,22,0,77
2023-09-10,Product_2,14,30,93
2023-09-11,Product_2,6,0,87
2023-09-12,Product_2,18,30,99
2023-09-13,Product_2,12,0,87
2023-09-14,Product_2,20,40,107
2023-09-15,Product_2,14,0,93
2023-09-16,Product_2,21,0,72
2023-09-17,Product_2,16,40,96
2023-09-18,Product_2,20,0,76
2023-09-19,Product_2,10,50,116
2023-09-20,Product_2,8,0,108
2023-09-21,Product_2,19,0,89
2023-09-22,Product_2,8,0,81
2023-09-23,Product_2,17,40,104
2023-09-24,Product_2,28,0,76
2023-09-25,Product_2,9,50,117
2023-09-26,Product_2,18,0,99
2023-09-27,Product_2,17,0,82
2023-09-28,Product_2,18,40,104
2023-09-29,Product_2,12,0,92
2023-09-30,Product_2,17,0,75
2023-10-01,Product_2,19,30,86
2023-10-02,Product_2,7,0,79
2023-10-03,Product_2,5,0,74
2023-10-04,Product_2,7,40,107
2023-10-05,Product_2,18,0,89
2023-10-06,Product_2,11,0,78
2023-10-07,Product_2,14,40,104
2023-10-08,Product_2,17,0,87
2023-10-09,Product_2,16,0,71
2023-10-10,Product_2,14,40,97
2023-10-11,Product_2,5,0,92
2023-10-12,Product_2,15,0,77
2023-10-13,Product_2,10,30,97
2023-10-14,Product_2,18,0,79
2023-10-15,Product_2,25,50,104
2023-10-16,Product_2,17,0,87
2023-10-17,Product_2,18,50,119
2023-10-18,Product_2,17,0,102
2023-10-19,Product_2,5,0,97
2023-10-20,Product_2,14,0,83
2023-10-21,Product_2,22,30,91
2023-10-22,Product_2,17,0,74
2023-10-23,Product_2,5,40,109
2023-10-24,Product_2,17,0,92
2023-10-25,Product_2,13,0,79
2023-10-26,Product_2,18,50,111
2023-10-27,Product_2,16,0,95
2023-10-28,Product_2,20,0,75
2023-10-29,Product_2,12,40,103
2023-10-30,Product_2,7,0,96
2023-10-31,Product_2,20,0,76
2023-11-01,Product_2,13,40,103
2023-11-02,Product_2,12,0,91
2023-11-03,Product_2,13,0,78
2023-11-04,Product_2,19,40,99
2023-11-05,Product_2,18,0,81
2023-11-06,Product_2,15,40,106
2023-11-07,Product_2,9,0,97
2023-11-08,Product_2,17,0,80
2023-11-09,Product_2,8,0,72
2023-11-10,Product_2,16,40,96
2023-11-11,Product_2,22,0,74
2023-11-12,Product_2,25,30,79
2023-11-13,Product_2,20,40,99
2023-11-14,Product_2,8,0,91
2023-11-15,Product_2,10,0,81
2023-11-16,Product_2,15,40,106
2023-11-17,Product_2,7,0,99
2023-11-18,Product_2,27,0,72
2023-11-19,Product_2,21,40,91
2023-11-20,Product_2,7,0,84
2023-11-21,Product_2,16,50,118
2023-11-22,Product_2,6,0,112
2023-11-23,Product_2,5,0,107
2023-11-24,Product_2,6,0,101
2023-11-25,Product_2,12,0,89
2023-11-26,Product_2,14,0,75
2023-11-27,Product_2,14,40,101
2023-11-28,Product_2,8,0,93
2023-11-29,Product_2,14,0,79
2023-11-30,Product_2,15,30,94
2023-12-01,Product_2,6,0,88
2023-12-02,Product_2,22,50,116
2023-12-03,Product_2,21,0,95
2023-12-04,Product_2,11,0,84
2023-12-05,Product_2,6,0,78
2023-12-06,Product_2,16,30,92
2023-12-07,Product_2,9,0,83
2023-12-08,Product_2,15,30,98
2023-12-09,Product_2,15,0,83
2023-12-10,Product_2,23,30,90
2023-12-11,Product_2,15,0,75
2023-12-12,Product_2,9,40,106
2023-12-13,Product_2,18,0,88
2023-12-14,Product_2,11,0,77
2023-12-15,Product_2,8,30,99
2023-12-16,Product_2,15,0,84
2023-12-17,Product_2,12,0,72
2023-12-18,Product_2,10,30,92
2023-12-19,Product_2,10,0,82
2023-12-20,Product_2,7,0,75
2023-12-21,Product_2,11,40,104
2023-12-22,Product_2,16,0,88
2023-12-23,Product_2,18,0,70
2023-12-24,Product_2,10,50,110
2023-12-25,Product_2,6,0,104
2023-12-26,Product_2,18,0,86
2023-12-27,Product_2,9,0,77
2023-12-28,Product_2,18,30,89
2023-12-29,Product_2,18,0,71
2023-12-30,Product_2,18,50,103
2023-12-31,Product_2,25,0,78
2023-01-01,Product_3,24,0,90
2023-01-02,Product_3,8,0,82
2023-01-03,Product_3,18,50,114
2023-01-04,Product_3,18,0,96
2023-01-05,Product_3,11,0,85
2023-01-06,Product_3,13,0,72
2023-01-07,Product_3,24,50,98
2023-01-08,Product_3,15,0,83
2023-01-09,Product_3,12,0,71
2023-01-10,Product_3,19,50,102
2023-01-11,Product_3,9,0,93
2023-01-12,Product_3,5,0,88
2023-01-13,Product_3,10,0,78
2023-01-14,Product_3,17,30,91
2023-01-15,Product_3,17,0,74
2023-01-16,Product_3,8,50,116
2023-01-17,Product_3,20,0,96
2023-01-18,Product_3,14,0,82
2023-01-19,Product_3,14,30,98
2023-01-20,Product_3,14,0,84
2023-01-21,Product_3,15,40,109
2023-01-22,Product_3,24,0,85
2023-01-23,Product_3,11,0,74
2023-01-24,Product_3,14,50,110
2023-01-25,Product_3,11,0,99
2023-01-26,Product_3,5,0,94
2023-01-27,Product_3,7,0,87
2023-01-28,Product_3,23,40,104
2023-01-29,Product_3,21,0,83
2023-01-30,Product_3,19,30,94
2023-01-31,Product_3,8,0,86
2023-02-01,Product_3,17,30,99
2023-02-02,Product_3,14,0,85
2023-02-03,Product_3,20,40,105
2023-02-04,Product_3,15,0,90
2023-02-05,Product_3,21,40,109
2023-02-06,Product_3,8,0,101
2023-02-07,Product_3,11,0,90
2023-02-08,Product_3,8,0,82
2023-02-09,Product_3,9,0,73
2023-02-10,Product_3,14,50,109
2023-02-11,Product_3,24,0,85
2023-02-12,Product_3,19,30,96
2023-02-13,Product_3,13,0,83
2023-02-14,Product_3,18,30,95
2023-02-15,Product_3,13,0,82
2023-02-16,Product_3,13,30,99
2023-02-17,Product_3,11,0,88
2023-02-18,Product_3,21,40,107
2023-02-19,Product_3,21,0,86
2023-02-20,Product_3,15,0,71
2023-02-21,Product_3,11,50,110
2023-02-22,Product_3,6,0,104
2023-02-23,Product_3,5,0,99
2023-02-24,Product_3,16,0,83
2023-02-25,Product_3,19,50,114
2023-02-26,Product_3,17,0,97
2023-02-27,Product_3,20,0,77
2023-02-28,Product_3,6,0,71
2023-03-01,Product_3,11,50,110
2023-03-02,Product_3,8,0,102
2023-03-03,Product_3,13,0,89
2023-03-04,Product_3,17,0,72
2023-03-05,Product_3,27,40,85
2023-03-06,Product_3,7,0,78
2023-03-07,Product_3,5,0,73
2023-03-08,Product_3,18,50,105
2023-03-09,Product_3,15,0,90
2023-03-10,Product_3,15,0,75
2023-03-11,Product_3,22,50,103
2023-03-12,Product_3,18,0,85
2023-03-13,Product_3,10,0,75
2023-03-14,Product_3,8,30,97
2023-03-15,Product_3,16,0,81
2023-03-16,Product_3,6,0,75
2023-03-17,Product_3,14,40,101
2023-03-18,Product_3,25,0,76
2023-03-19,Product_3,13,30,93
2023-03-20,Product_3,8,0,85
2023-03-21,Product_3,18,50,117
2023-03-22,Product_3,9,0,108
2023-03-23,Product_3,17,0,91
2023-03-24,Product_3,10,0,81
2023-03-25,Product_3,19,30,92
2023-03-26,Product_3,29,30,93
2023-03-27,Product_3,11,0,82
2023-03-28,Product_3,19,30,93
2023-03-29,Product_3,6,0,87
2023-03-30,Product_3,6,0,81
2023-03-31,Product_3,19,40,102
2023-04-01,Product_3,15,0,87
2023-04-02,Product_3,15,0,72
2023-04-03,Product_3,6,50,116
2023-04-04,Product_3,19,0,97
2023-04-05,Product_3,14,0,83
2023-04-06,Product_3,18,50,115
2023-04-07,Product_3,15,0,100
2023-04-08,Product_3,18,0,82
2023-04-09,Product_3,16,30,96
2023-04-10,Product_3,6,0,90
2023-04-11,Product_3,14,0,76
2023-04-12,Product_3,14,50,112
2023-04-13,Product_3,19,0,93
2023-04-14,Product_3,7,0,86
2023-04-15,Product_3,17,50,119
2023-04-16,Product_3,26,0,93
2023-04-17,Product_3,13,0,80
2023-04-18,Product_3,6,0,74
2023-04-19,Product_3,8,50,116
2023-04-20,Product_3,9,0,107
2023-04-21,Product_3,19,0,88
2023-04-22,Product_3,15,0,73
2023-04-23,Product_3,13,40,100
2023-04-24,Product_3,16,0,84
2023-04-25,Product_3,20,30,94
2023-04-26,Product_3,9,0,85
2023-04-27,Product_3,17,40,108
2023-04-28,Product_3,18,0,90
2023-04-29,Product_3,25,50,115
2023-04-30,Product_3,25,0,90
2023-05-01,Product_3,8,0,82
2023-05-02,Product_3,12,0,70
2023-05-03,Product_3,18,30,82
2023-05-04,Product_3,9,0,73
2023-05-05,Product_3,5,30,98
2023-05-06,Product_3,23,0,75
2023-05-07,Product_3,24,40,91
2023-05-08,Product_3,16,0,75
2023-05-09,Product_3,11,50,114
2023-05-10,Product_3,19,0,95
2023-05-11,Product_3,14,0,81
2023-05-12,Product_3,13,40,108
2023-05-13,Product_3,14,0,94
2023-05-14,Product_3,21,0,73
2023-05-15,Product_3,11,50,112
2023-05-16,Product_3,6,0,106
2023-05-17,Product_3,18,0,88
2023-05-18,Product_3,14,0,74
2023-05-19,Product_3,8,30,96
2023-05-20,Product_3,22,0,74
2023-05-21,Product_3,24,30,80
2023-05-22,Product_3,13,30,97
2023-05-23,Product_3,15,0,82
2023-05-24,Product_3,16,50,116
2023-05-25,Product_3,13,0,103
2023-05-26,Product_3,14,0,89
2023-05-27,Product_3,28,30,91
2023-05-28,Product_3,25,40,106
2023-05-29,Product_3,19,0,87
2023-05-30,Product_3,19,30,98
2023-05-31,Product_3,17,0,81
2023-06-01,Product_3,14,30,97
2023-06-02,Product_3,11,0,86
2023-06-03,Product_3,17,40,109
2023-06-04,Product_3,22,0,87
2023-06-05,Product_3,5,0,82
2023-06-06,Product_3,14,40,108
2023-06-07,Product_3,20,0,88
2023-06-08,Product_3,19,40,109
2023-06-09,Product_3,8,0,101
2023-06-10,Product_3,14,0,87
2023-06-11,Product_3,18,50,119
2023-06-12,Product_3,9,0,110
2023-06-13,Product_3,11,0,99
2023-06-14,Product_3,5,0,94
2023-06-15,Product_3,11,0,83
2023-06-16,Product_3,5,0,78
2023-06-17,Product_3,23,30,85
2023-06-18,Product_3,24,40,101
2023-06-19,Product_3,20,0,81
2023-06-20,Product_3,17,40,104
2023-06-21,Product_3,20,0,84
2023-06-22,Product_3,6,0,78
2023-06-23,Product_3,16,50,112
2023-06-24,Product_3,17,0,95
2023-06-25,Product_3,16,0,79
2023-06-26,Product_3,17,40,102
2023-06-27,Product_3,6,0,96
2023-06-28,Product_3,9,0,87
2023-06-29,Product_3,6,0,81
2023-06-30,Product_3,8,0,73
2023-07-01,Product_3,20,40,93
2023-07-02,Product_3,15,0,78
2023-07-03,Product_3,10,30,98
2023-07-04,Product_3,9,0,89
2023-07-05,Product_3,9,0,80
2023-07-06,Product_3,12,50,118
2023-07-07,Product_3,9,0,109
2023-07-08,Product_3,26,0,83
2023-07-09,Product_3,21,30,92
2023-07-10,Product_3,15,0,77
2023-07-11,Product_3,5,0,72
2023-07-12,Product_3,11,30,91
2023-07-13,Product_3,10,0,81
2023-07-14,Product_3,13,30,98
2023-07-15,Product_3,11,0,87
2023-07-16,Product_3,19,30,98
2023-07-17,Product_3,15,0,83
2023-07-18,Product_3,8,0,75
2023-07-19,Product_3,12,40,103
2023-07-20,Product_3,18,0,85
2023-07-21,Product_3,20,50,115
2023-07-22,Product_3,11,0,104
2023-07-23,Product_3,21,0,83
2023-07-24,Product_3,5,0,78
2023-07-25,Product_3,15,30,93
2023-07-26,Product_3,13,0,80
2023-07-27,Product_3,13,40,107
2023-07-28,Product_3,13,0,94
2023-07-29,Product_3,24,0,70
2023-07-30,Product_3,21,50,99
2023-07-31,Product_3,17,0,82
2023-08-01,Product_3,8,0,74
2023-08-02,Product_3,17,30,87
2023-08-03,Product_3,9,0,78
2023-08-04,Product_3,13,50,115
2023-08-05,Product_3,16,0,99
2023-08-06,Product_3,10,0,89
2023-08-07,Product_3,6,0,83
2023-08-08,Product_3,17,50,116
2023-08-09,Product_3,13,0,103
2023-08-10,Product_3,20,0,83
2023-08-11,Product_3,6,0,77
2023-08-12,Product_3,29,30,78
2023-08-13,Product_3,19,50,109
2023-08-14,Product_3,8,0,101
2023-08-15,Product_3,12,0,89
2023-08-16,Product_3,14,0,75
2023-08-17,Product_3,8,40,107
2023-08-18,Product_3,15,0,92
2023-08-19,Product_3,19,0,73
2023-08-20,Product_3,26,40,87
2023-08-21,Product_3,19,40,108
2023-08-22,Product_3,14,0,94
2023-08-23,Product_3,14,0,80
2023-08-24,Product_3,14,40,106
2023-08-25,Product_3,16,0,90
2023-08-26,Product_3,22,30,98
2023-08-27,Product_3,14,0,84
2023-08-28,Product_3,6,0,78
2023-08-29,Product_3,6,0,72
2023-08-30,Product_3,18,40,94
2023-08-31,Product_3,16,0,78
2023-09-01,Product_3,5,0,73
2023-09-02,Product_3,27,40,86
2023-09-03,Product_3,22,40,104
2023-09-04,Product_3,7,0,97
2023-09-05,Product_3,6,0,91
2023-09-06,Product_3,16,0,75
2023-09-07,Product_3,6,30,99
2023-09-08,Product_3,10,0,89
2023-09-09,Product_3,15,0,74
2023-09-10,Product_3,14,40,100
2023-09-11,Product_3,8,0,92
2023-09-12,Product_3,5,0,87
2023-09-13,Product_3,19,50,118
2023-09-14,Product_3,20,0,98
2023-09-15,Product_3,6,0,92
2023-09-16,Product_3,21,0,71
2023-09-17,Product_3,16,30,85
2023-09-18,Product_3,8,0,77
2023-09-19,Product_3,6,0,71
2023-09-20,Product_3,6,30,95
2023-09-21,Product_3,5,0,90
2023-09-22,Product_3,7,0,83
2023-09-23,Product_3,21,30,92
2023-09-24,Product_3,23,50,119
2023-09-25,Product_3,13,0,106
2023-09-26,Product_3,12,0,94
2023-09-27,Product_3,18,0,76
2023-09-28,Product_3,16,50,110
2023-09-29,Product_3,9,0,101
2023-09-30,Product_3,16,0,85
2023-10-01,Product_3,15,0,70
2023-10-02,Product_3,20,30,80
2023-10-03,Product_3,19,40,101
2023-10-04,Product_3,7,0,94
2023-10-05,Product_3,17,0,77
2023-10-06,Product_3,15,30,92
2023-10-07,Product_3,12,0,80
2023-10-08,Product_3,15,30,95
2023-10-09,Product_3,7,0,88
2023-10-10,Product_3,12,0,76
2023-10-11,Product_3,16,50,110
2023-10-12,Product_3,7,0,103
2023-10-13,Product_3,10,0,93
2023-10-14,Product_3,17,0,76
2023-10-15,Product_3,25,30,81
2023-10-16,Product_3,5,0,76
2023-10-17,Product_3,18,50,108
2023-10-18,Product_3,15,0,93
2023-10-19,Product_3,8,0,85
2023-10-20,Product_3,16,40,109
2023-10-21,Product_3,14,0,95
2023-10-22,Product_3,12,0,83
2023-10-23,Product_3,15,40,108
2023-10-24,Product_3,20,0,88
2023-10-25,Product_3,13,0,75
2023-10-26,Product_3,15,50,110
2023-10-27,Product_3,14,0,96
2023-10-28,Product_3,22,0,74
2023-10-29,Product_3,14,40,100
2023-10-30,Product_3,19,0,81
2023-10-31,Product_3,14,50,117
2023-11-01,Product_3,14,0,103
2023-11-02,Product_3,15,0,88
2023-11-03,Product_3,20,30,98
2023-11-04,Product_3,25,0,73
2023-11-05,Product_3,19,50,104
2023-11-06,Product_3,18,0,86
2023-11-07,Product_3,18,30,98
2023-11-08,Product_3,20,0,78
2023-11-09,Product_3,19,50,109
2023-11-10,Product_3,6,0,103
2023-11-11,Product_3,24,0,79
2023-11-12,Product_3,10,30,99
2023-11-13,Product_3,13,0,86
2023-11-14,Product_3,8,0,78
2023-11-15,Product_3,19,30,89
2023-11-16,Product_3,13,0,76
2023-11-17,Product_3,20,40,96
2023-11-18,Product_3,15,0,81
2023-11-19,Product_3,21,30,90
2023-11-20,Product_3,20,0,70
2023-11-21,Product_3,10,30,90
2023-11-22,Product_3,9,0,81
2023-11-23,Product_3,12,40,109
2023-11-24,Product_3,10,0,99
2023-11-25,Product_3,17,0,82
2023-11-26,Product_3,15,50,117
2023-11-27,Product_3,15,0,102
2023-11-28,Product_3,16,0,86
2023-11-29,Product_3,12,0,74
2023-11-30,Product_3,9,40,105
2023-12-01,Product_3,8,0,97
2023-12-02,Product_3,14,0,83
2023-12-03,Product_3,19,50,114
2023-12-04,Product_3,9,0,105
2023-12-05,Product_3,6,0,99
2023-12-06,Product_3,8,0,91
2023-12-07,Product_3,13,0,78
2023-12-08,Product_3,13,30,95
2023-12-09,Product_3,25,0,70
2023-12-10,Product_3,16,40,94
2023-12-11,Product_3,13,0,81
2023-12-12,Product_3,17,40,104
2023-12-13,Product_3,5,0,99
2023-12-14,Product_3,17,0,82
2023-12-15,Product_3,20,30,92
2023-12-16,Product_3,12,0,80
2023-12-17,Product_3,23,30,87
2023-12-18,Product_3,16,0,71
2023-12-19,Product_3,10,30,91
2023-12-20,Product_3,15,0,76
2023-12-21,Product_3,14,50,112
2023-12-22,Product_3,13,0,99
2023-12-23,Product_3,24,0,75
2023-12-24,Product_3,30,30,75
2023-12-25,Product_3,14,50,111
2023-12-26,Product_3,10,0,101
2023-12-27,Product_3,11,0,90
2023-12-28,Product_3,6,0,84
2023-12-29,Product_3,13,0,71
2023-12-30,Product_3,24,30,77
2023-12-31,Product_3,24,50,103
2023-01-01,Product_4,12,0,141
2023-01-02,Product_4,6,0,135
2023-01-03,Product_4,7,0,128
2023-01-04,Product_4,11,0,117
2023-01-05,Product_4,9,0,108
2023-01-06,Product_4,9,40,139
2023-01-07,Product_4,17,0,122
2023-01-08,Product_4,16,0,106
2023-01-09,Product_4,13,30,123
2023-01-10,Product_4,7,0,116
2023-01-11,Product_4,7,0,109
2023-01-12,Product_4,10,30,129
2023-01-13,Product_4,5,0,124
2023-01-14,Product_4,23,0,101
2023-01-15,Product_4,17,30,114
2023-01-16,Product_4,19,30,125
2023-01-17,Product_4,19,0,106
2023-01-18,Product_4,13,30,123
2023-01-19,Product_4,6,0,117
2023-01-20,Product_4,17,0,100
2023-01-21,Product_4,10,30,120
2023-01-22,Product_4,16,0,104
2023-01-23,Product_4,14,30,120
2023-01-24,Product_4,12,0,108
2023-01-25,Product_4,11,40,137
2023-01-26,Product_4,20,0,117
2023-01-27,Product_4,12,0,105
2023-01-28,Product_4,18,40,127
2023-01-29,Product_4,12,0,115
2023-01-30,Product_4,5,0,110
2023-01-31,Product_4,5,0,105
2023-02-01,Product_4,13,50,142
2023-02-02,Product_4,18,0,124
2023-02-03,Product_4,7,0,117
2023-02-04,Product_4,18,50,149
2023-02-05,Product_4,12,0,137
2023-02-06,Product_4,11,0,126
2023-02-07,Product_4,9,0,117
2023-02-08,Product_4,7,0,110
2023-02-09,Product_4,16,30,124
2023-02-10,Product_4,5,0,119
2023-02-11,Product_4,13,0,106
2023-02-12,Product_4,14,40,132
2023-02-13,Product_4,16,0,116
2023-02-14,Product_4,10,0,106
2023-02-15,Product_4,20,30,116
2023-02-16,Product_4,18,30,128
2023-02-17,Product_4,8,0,120
2023-02-18,Product_4,29,50,141
2023-02-19,Product_4,23,0,118
2023-02-20,Product_4,18,0,100
2023-02-21,Product_4,20,50,130
2023-02-22,Product_4,14,0,116
2023-02-23,Product_4,15,0,101
2023-02-24,Product_4,10,40,131
2023-02-25,Product_4,16,0,115
2023-02-26,Product_4,15,0,100
2023-02-27,Product_4,17,30,113
2023-02-28,Product_4,16,40,137
2023-03-01,Product_4,10,0,127
2023-03-02,Product_4,17,0,110
2023-03-03,Product_4,17,40,133
2023-03-04,Product_4,17,0,116
2023-03-05,Product_4,23,40,133
2023-03-06,Product_4,9,0,124
2023-03-07,Product_4,11,0,113
2023-03-08,Product_4,11,0,102
2023-03-09,Product_4,19,50,133
2023-03-10,Product_4,12,0,121
2023-03-11,Product_4,20,0,101
2023-03-12,Product_4,13,50,138
2023-03-13,Product_4,15,0,123
2023-03-14,Product_4,16,0,107
2023-03-15,Product_4,20,30,117
2023-03-16,Product_4,13,0,104
2023-03-17,Product_4,7,40,137
2023-03-18,Product_4,29,0,108
2023-03-19,Product_4,17,30,121
2023-03-20,Product_4,11,0,110
2023-03-21,Product_4,20,30,120
2023-03-22,Product_4,18,0,102
2023-03-23,Product_4,11,30,121
2023-03-24,Product_4,19,0,102
2023-03-25,Product_4,10,30,122
2023-03-26,Product_4,15,0,107
2023-03-27,Product_4,5,0,102
2023-03-28,Product_4,19,30,113
2023-03-29,Product_4,6,0,107
2023-03-30,Product_4,9,50,148
2023-03-31,Product_4,19,0,129
2023-04-01,Product_4,19,0,110
2023-04-02,Product_4,16,30,124
2023-04-03,Product_4,15,0,109
2023-04-04,Product_4,7,0,102
2023-04-05,Product_4,5,30,127
2023-04-06,Product_4,14,0,113
2023-04-07,Product_4,15,50,148
2023-04-08,Product_4,20,0,128
2023-04-09,Product_4,17,0,111
2023-04-10,Product_4,7,0,104
2023-04-11,Product_4,6,30,128
2023-04-12,Product_4,7,0,121
2023-04-13,Product_4,13,0,108
2023-04-14,Product_4,8,0,100
2023-04-15,Product_4,14,40,126
2023-04-16,Product_4,24,0,102
2023-04-17,Product_4,19,50,133
2023-04-18,Product_4,19,0,114
2023-04-19,Product_4,12,0,102
2023-04-20,Product_4,10,50,142
2023-04-21,Product_4,7,0,135
2023-04-22,Product_4,16,0,119
2023-04-23,Product_4,28,50,141
2023-04-24,Product_4,17,0,124
2023-04-25,Product_4,8,0,116
2023-04-26,Product_4,18,40,138
2023-04-27,Product_4,12,0,126
2023-04-28,Product_4,15,0,111
2023-04-29,Product_4,22,30,119
2023-04-30,Product_4,21,30,128
2023-05-01,Product_4,18,0,110
2023-05-02,Product_4,18,50,142
2023-05-03,Product_4,6,0,136
2023-05-04,Product_4,9,0,127
2023-05-05,Product_4,9,0,118
2023-05-06,Product_4,15,0,103
2023-05-07,Product_4,24,30,109
2023-05-08,Product_4,15,50,144
2023-05-09,Product_4,13,0,131
2023-05-10,Product_4,6,0,125
2023-05-11,Product_4,5,0,120
2023-05-12,Product_4,18,0,102
2023-05-13,Product_4,23,40,119
2023-05-14,Product_4,19,0,100
2023-05-15,Product_4,13,30,117
2023-05-16,Product_4,11,0,106
2023-05-17,Product_4,11,50,145
2023-05-18,Product_4,18,0,127
2023-05-19,Product_4,6,0,121
2023-05-20,Product_4,11,0,110
2023-05-21,Product_4,23,40,127
2023-05-22,Product_4,10,0,117
2023-05-23,Product_4,6,0,111
2023-05-24,Product_4,17,40,134
2023-05-25,Product_4,6,0,128
2023-05-26,Product_4,11,0,117
2023-05-27,Product_4,29,30,118
2023-05-28,Product_4,18,0,100
2023-05-29,Product_4,12,30,118
2023-05-30,Product_4,15,0,103
2023-05-31,Product_4,6,30,127
2023-06-01,Product_4,9,0,118
2023-06-02,Product_4,7,0,111
2023-06-03,Product_4,22,40,129
2023-06-04,Product_4,28,0,101
2023-06-05,Product_4,15,40,126
2023-06-06,Product_4,20,0,106
2023-06-07,Product_4,7,30,129
2023-06-08,Product_4,19,0,110
2023-06-09,Product_4,9,0,101
2023-06-10,Product_4,29,50,122
2023-06-11,Product_4,23,50,149
2023-06-12,Product_4,10,0,139
2023-06-13,Product_4,15,0,124
2023-06-14,Product_4,19,0,105
2023-06-15,Product_4,16,50,139
2023-06-16,Product_4,8,0,131
2023-06-17,Product_4,20,0,111
2023-06-18,Product_4,23,50,138
2023-06-19,Product_4,13,0,125
2023-06-20,Product_4,16,0,109
2023-06-21,Product_4,7,0,102
2023-06-22,Product_4,12,40,130
2023-06-23,Product_4,10,0,120
2023-06-24,Product_4,18,0,102
2023-06-25,Product_4,20,50,132
2023-06-26,Product_4,10,0,122
2023-06-27,Product_4,9,0,113
2023-06-28,Product_4,6,0,107
2023-06-29,Product_4,15,40,132
2023-06-30,Product_4,19,0,113
2023-07-01,Product_4,23,50,140
2023-07-02,Product_4,23,0,117
2023-07-03,Product_4,7,0,110
2023-07-04,Product_4,8,0,102
2023-07-05,Product_4,10,30,122
2023-07-06,Product_4,14,0,108
2023-07-07,Product_4,17,50,141
2023-07-08,Product_4,17,0,124
2023-07-09,Product_4,12,0,112
2023-07-10,Product_4,9,0,103
2023-07-11,Product_4,5,30,128
2023-07-12,Product_4,13,0,115
2023-07-13,Product_4,14,0,101
2023-07-14,Product_4,9,30,122
2023-07-15,Product_4,17,0,105
2023-07-16,Product_4,28,40,117
2023-07-17,Product_4,10,0,107
2023-07-18,Product_4,10,40,137
2023-07-19,Product_4,6,0,131
2023-07-20,Product_4,12,0,119
2023-07-21,Product_4,19,0,100
2023-07-22,Product_4,18,30,112
2023-07-23,Product_4,24,40,128
2023-07-24,Product_4,12,0,116
2023-07-25,Product_4,8,0,108
2023-07-26,Product_4,18,40,130
2023-07-27,Product_4,16,0,114
2023-07-28,Product_4,20,50,144
2023-07-29,Product_4,19,0,125
2023-07-30,Product_4,14,0,111
2023-07-31,Product_4,9,0,102
2023-08-01,Product_4,7,50,145
2023-08-02,Product_4,14,0,131
2023-08-03,Product_4,5,0,126
2023-08-04,Product_4,12,0,114
2023-08-05,Product_4,25,30,119
2023-08-06,Product_4,24,50,145
2023-08-07,Product_4,5,0,140
2023-08-08,Product_4,7,0,133
2023-08-09,Product_4,15,0,118
2023-08-10,Product_4,6,0,112
2023-08-11,Product_4,19,40,133
2023-08-12,Product_4,26,0,107
2023-08-13,Product_4,27,30,110
2023-08-14,Product_4,16,40,134
2023-08-15,Product_4,18,0,116
2023-08-16,Product_4,13,0,103
2023-08-17,Product_4,6,50,147
2023-08-18,Product_4,20,0,127
2023-08-19,Product_4,19,0,108
2023-08-20,Product_4,21,40,127
2023-08-21,Product_4,12,0,115
2023-08-22,Product_4,9,0,106
2023-08-23,Product_4,14,40,132
2023-08-24,Product_4,19,0,113
2023-08-25,Product_4,10,0,103
2023-08-26,Product_4,18,50,135
2023-08-27,Product_4,28,0,107
2023-08-28,Product_4,7,0,100
2023-08-29,Product_4,20,30,110
2023-08-30,Product_4,6,0,104
2023-08-31,Product_4,10,40,134
2023-09-01,Product_4,12,0,122
2023-09-02,Product_4,21,0,101
2023-09-03,Product_4,22,50,129
2023-09-04,Product_4,19,0,110
2023-09-05,Product_4,16,50,144
2023-09-06,Product_4,16,0,128
2023-09-07,Product_4,7,0,121
2023-09-08,Product_4,20,0,101
2023-09-09,Product_4,18,40,123
2023-09-10,Product_4,23,0,100
2023-09-11,Product_4,6,50,144
2023-09-12,Product_4,12,0,132
2023-09-13,Product_4,19,0,113
2023-09-14,Product_4,12,0,101
2023-09-15,Product_4,14,40,127
2023-09-16,Product_4,20,0,107
2023-09-17,Product_4,15,30,122
2023-09-18,Product_4,7,0,115
2023-09-19,Product_4,16,50,149
2023-09-20,Product_4,18,0,131
2023-09-21,Product_4,11,0,120
2023-09-22,Product_4,18,0,102
2023-09-23,Product_4,12,30,120
2023-09-24,Product_4,16,0,104
2023-09-25,Product_4,16,50,138
2023-09-26,Product_4,12,0,126
2023-09-27,Product_4,5,0,121
2023-09-28,Product_4,6,0,115
2023-09-29,Product_4,10,0,105
2023-09-30,Product_4,23,30,112
2023-10-01,Product_4,27,40,125
2023-10-02,Product_4,13,0,112
2023-10-03,Product_4,5,0,107
2023-10-04,Product_4,19,50,138
2023-10-05,Product_4,16,0,122
2023-10-06,Product_4,5,0,117
2023-10-07,Product_4,17,0,100
2023-10-08,Product_4,16,40,124
2023-10-09,Product_4,15,0,109
2023-10-10,Product_4,20,50,139
2023-10-11,Product_4,20,0,119
2023-10-12,Product_4,16,0,103
2023-10-13,Product_4,11,40,132
2023-10-14,Product_4,21,0,111
2023-10-15,Product_4,24,30,117
2023-10-16,Product_4,18,40,139
2023-10-17,Product_4,15,0,124
2023-10-18,Product_4,14,0,110
2023-10-19,Product_4,8,0,102
2023-10-20,Product_4,10,30,122
2023-10-21,Product_4,24,30,128
2023-10-22,Product_4,21,0,107
2023-10-23,Product_4,12,40,135
2023-10-24,Product_4,17,0,118
2023-10-25,Product_4,17,0,101
2023-10-26,Product_4,19,40,122
2023-10-27,Product_4,13,0,109
2023-10-28,Product_4,23,30,116
2023-10-29,Product_4,16,0,100
2023-10-30,Product_4,10,50,140
2023-10-31,Product_4,10,0,130
2023-11-01,Product_4,10,0,120
2023-11-02,Product_4,14,0,106
2023-11-03,Product_4,12,30,124
2023-11-04,Product_4,17,0,107
2023-11-05,Product_4,21,50,136
2023-11-06,Product_4,14,0,122
2023-11-07,Product_4,5,0,117
2023-11-08,Product_4,17,0,100
2023-11-09,Product_4,15,40,125
2023-11-10,Product_4,13,0,112
2023-11-11,Product_4,19,30,123
2023-11-12,Product_4,19,0,104
2023-11-13,Product_4,6,30,128
2023-11-14,Product_4,14,0,114
2023-11-15,Product_4,17,50,147
2023-11-16,Product_4,10,0,137
2023-11-17,Product_4,5,0,132
2023-11-18,Product_4,21,0,111
2023-11-19,Product_4,24,50,137
2023-11-20,Product_4,13,0,124
2023-11-21,Product_4,12,0,112
2023-11-22,Product_4,20,40,132
2023-11-23,Product_4,17,0,115
2023-11-24,Product_4,9,0,106
2023-11-25,Product_4,26,30,110
2023-11-26,Product_4,25,30,115
2023-11-27,Product_4,7,0,108
2023-11-28,Product_4,19,50,139
2023-11-29,Product_4,7,0,132
2023-11-30,Product_4,15,0,117
2023-12-01,Product_4,19,50,148
2023-12-02,Product_4,28,0,120
2023-12-03,Product_4,27,40,133
2023-12-04,Product_4,12,0,121
2023-12-05,Product_4,11,0,110
2023-12-06,Product_4,6,0,104
2023-12-07,Product_4,5,40,139
2023-12-08,Product_4,7,0,132
2023-12-09,Product_4,26,0,106
2023-12-10,Product_4,19,40,127
2023-12-11,Product_4,10,0,117
2023-12-12,Product_4,6,0,111
2023-12-13,Product_4,12,40,139
2023-12-14,Product_4,5,0,134
2023-12-15,Product_4,7,0,127
2023-12-16,Product_4,28,40,139
2023-12-17,Product_4,16,0,123
2023-12-18,Product_4,12,0,111
2023-12-19,Product_4,19,30,122
2023-12-20,Product_4,19,0,103
2023-12-21,Product_4,8,30,125
2023-12-22,Product_4,7,0,118
2023-12-23,Product_4,13,0,105
2023-12-24,Product_4,16,40,129
2023-12-25,Product_4,15,0,114
2023-12-26,Product_4,9,0,105
2023-12-27,Product_4,13,30,122
2023-12-28,Product_4,6,0,116
2023-12-29,Product_4,20,50,146
2023-12-30,Product_4,15,0,131
2023-12-31,Product_4,27,0,104
2023-01-01,Product_5,15,0,150
2023-01-02,Product_5,15,0,135
2023-01-03,Product_5,19,0,116
2023-01-04,Product_5,6,0,110
2023-01-05,Product_5,9,0,101
2023-01-06,Product_5,20,0,81
2023-01-07,Product_5,14,0,67
2023-01-08,Product_5,18,30,79
2023-01-09,Product_5,7,0,72
2023-01-10,Product_5,11,0,61
2023-01-11,Product_5,7,40,94
2023-01-12,Product_5,10,0,84
2023-01-13,Product_5,15,0,69
2023-01-14,Product_5,22,40,87
2023-01-15,Product_5,16,0,71
2023-01-16,Product_5,8,0,63
2023-01-17,Product_5,5,30,88
2023-01-18,Product_5,5,0,83
2023-01-19,Product_5,13,0,70
2023-01-20,Product_5,16,50,104
2023-01-21,Product_5,24,0,80
2023-01-22,Product_5,13,0,67
2023-01-23,Product_5,17,50,100
2023-01-24,Product_5,18,0,82
2023-01-25,Product_5,15,0,67
2023-01-26,Product_5,19,50,98
2023-01-27,Product_5,9,0,89
2023-01-28,Product_5,15,0,74
2023-01-29,Product_5,17,30,87
2023-01-30,Product_5,11,0,76
2023-01-31,Product_5,15,0,61
2023-02-01,Product_5,14,50,97
2023-02-02,Product_5,13,0,84
2023-02-03,Product_5,16,0,68
2023-02-04,Product_5,18,50,100
2023-02-05,Product_5,28,0,72
2023-02-06,Product_5,10,0,62
2023-02-07,Product_5,14,50,98
2023-02-08,Product_5,6,0,92
2023-02-09,Product_5,5,0,87
2023-02-10,Product_5,13,0,74
2023-02-11,Product_5,16,50,108
2023-02-12,Product_5,18,0,90
2023-02-13,Product_5,8,0,82
2023-02-14,Product_5,8,0,74
2023-02-15,Product_5,11,0,63
2023-02-16,Product_5,6,50,107
2023-02-17,Product_5,16,0,91
2023-02-18,Product_5,27,0,64
2023-02-19,Product_5,21,40,83
2023-02-20,Product_5,13,0,70
2023-02-21,Product_5,15,30,85
2023-02-22,Product_5,19,0,66
2023-02-23,Product_5,13,40,93
2023-02-24,Product_5,9,0,84
2023-02-25,Product_5,20,0,64
2023-02-26,Product_5,17,50,97
2023-02-27,Product_5,20,0,77
2023-02-28,Product_5,19,50,108
2023-03-01,Product_5,9,0,99
2023-03-02,Product_5,12,0,87
2023-03-03,Product_5,11,0,76
2023-03-04,Product_5,19,30,87
2023-03-05,Product_5,29,50,108
2023-03-06,Product_5,9,0,99
2023-03-07,Product_5,6,0,93
2023-03-08,Product_5,15,0,78
2023-03-09,Product_5,6,0,72
2023-03-10,Product_5,20,30,82
2023-03-11,Product_5,16,0,66
2023-03-12,Product_5,23,30,73
2023-03-13,Product_5,7,0,66
2023-03-14,Product_5,5,0,61
2023-03-15,Product_5,13,40,88
2023-03-16,Product_5,16,0,72
2023-03-17,Product_5,19,50,103
2023-03-18,Product_5,18,0,85
2023-03-19,Product_5,26,40,99
2023-03-20,Product_5,20,0,79
2023-03-21,Product_5,6,0,73
2023-03-22,Product_5,11,0,62
2023-03-23,Product_5,10,30,82
2023-03-24,Product_5,8,0,74
2023-03-25,Product_5,19,50,105
2023-03-26,Product_5,26,0,79
2023-03-27,Product_5,18,0,61
2023-03-28,Product_5,15,40,86
2023-03-29,Product_5,13,0,73
2023-03-30,Product_5,10,0,63
2023-03-31,Product_5,19,30,74
2023-04-01,Product_5,12,0,62
2023-04-02,Product_5,24,40,78
2023-04-03,Product_5,19,30,89
2023-04-04,Product_5,7,0,82
2023-04-05,Product_5,9,0,73
2023-04-06,Product_5,7,0,66
2023-04-07,Product_5,12,30,84
2023-04-08,Product_5,22,0,62
2023-04-09,Product_5,14,30,78
2023-04-10,Product_5,18,0,60
2023-04-11,Product_5,19,40,81
2023-04-12,Product_5,8,0,73
2023-04-13,Product_5,15,30,88
2023-04-14,Product_5,14,0,74
2023-04-15,Product_5,23,30,81
2023-04-16,Product_5,17,0,64
2023-04-17,Product_5,14,40,90
2023-04-18,Product_5,19,0,71
2023-04-19,Product_5,14,30,87
2023-04-20,Product_5,12,0,75
2023-04-21,Product_5,11,0,64
2023-04-22,Product_5,24,40,80
2023-04-23,Product_5,18,0,62
2023-04-24,Product_5,20,40,82
2023-04-25,Product_5,5,0,77
2023-04-26,Product_5,11,0,66
2023-04-27,Product_5,7,50,109
2023-04-28,Product_5,5,0,104
2023-04-29,Product_5,15,0,89
2023-04-30,Product_5,22,0,67
2023-05-01,Product_5,7,0,60
2023-05-02,Product_5,12,50,98
2023-05-03,Product_5,16,0,82
2023-05-04,Product_5,12,0,70
2023-05-05,Product_5,20,40,90
2023-05-06,Product_5,27,0,63
2023-05-07,Product_5,15,40,88
2023-05-08,Product_5,5,0,83
2023-05-09,Product_5,17,0,66
2023-05-10,Product_5,9,50,107
2023-05-11,Product_5,11,0,96
2023-05-12,Product_5,6,0,90
2023-05-13,Product_5,14,0,76
2023-05-14,Product_5,16,0,60
2023-05-15,Product_5,5,30,85
2023-05-16,Product_5,16,0,69
2023-05-17,Product_5,15,40,94
2023-05-18,Product_5,12,0,82
2023-05-19,Product_5,5,0,77
2023-05-20,Product_5,27,50,100
2023-05-21,Product_5,19,0,81
2023-05-22,Product_5,5,0,76
2023-05-23,Product_5,14,0,62
2023-05-24,Product_5,13,50,99
2023-05-25,Product_5,17,0,82
2023-05-26,Product_5,17,0,65
2023-05-27,Product_5,19,40,86
2023-05-28,Product_5,28,50,108
2023-05-29,Product_5,5,0,103
2023-05-30,Product_5,13,0,90
2023-05-31,Product_5,5,0,85
2023-06-01,Product_5,16,0,69
2023-06-02,Product_5,18,40,91
2023-06-03,Product_5,22,0,69
2023-06-04,Product_5,23,50,96
2023-06-05,Product_5,11,0,85
2023-06-06,Product_5,10,0,75
2023-06-07,Product_5,10,0,65
2023-06-08,Product_5,8,30,87
2023-06-09,Product_5,10,0,77
2023-06-10,Product_5,18,30,89
2023-06-11,Product_5,12,0,77
2023-06-12,Product_5,12,0,65
2023-06-13,Product_5,15,40,90
2023-06-14,Product_5,18,0,72
2023-06-15,Product_5,9,0,63
2023-06-16,Product_5,20,40,83
2023-06-17,Product_5,17,0,66
2023-06-18,Product_5,25,40,81
2023-06-19,Product_5,11,0,70
2023-06-20,Product_5,20,40,90
2023-06-21,Product_5,14,0,76
2023-06-22,Product_5,17,30,89
2023-06-23,Product_5,14,0,75
2023-06-24,Product_5,25,50,100
2023-06-25,Product_5,30,0,70
2023-06-26,Product_5,14,30,86
2023-06-27,Product_5,15,0,71
2023-06-28,Product_5,17,50,104
2023-06-29,Product_5,17,0,87
2023-06-30,Product_5,7,0,80
2023-07-01,Product_5,16,0,64
2023-07-02,Product_5,25,40,79
2023-07-03,Product_5,8,0,71
2023-07-04,Product_5,20,50,101
2023-07-05,Product_5,20,0,81
2023-07-06,Product_5,13,0,68
2023-07-07,Product_5,13,30,85
2023-07-08,Product_5,27,40,98
2023-07-09,Product_5,15,0,83
2023-07-10,Product_5,10,0,73
2023-07-11,Product_5,19,40,94
2023-07-12,Product_5,14,0,80
2023-07-13,Product_5,9,0,71
2023-07-14,Product_5,11,0,60
2023-07-15,Product_5,15,40,85
2023-07-16,Product_5,21,0,64
2023-07-17,Product_5,12,50,102
2023-07-18,Product_5,15,0,87
2023-07-19,Product_5,12,0,75
2023-07-20,Product_5,14,0,61
2023-07-21,Product_5,18,30,73
2023-07-22,Product_5,21,30,82
2023-07-23,Product_5,13,0,69
2023-07-24,Product_5,7,0,62
2023-07-25,Product_5,11,50,101
2023-07-26,Product_5,13,0,88
2023-07-27,Product_5,19,0,69
2023-07-28,Product_5,9,0,60
2023-07-29,Product_5,25,40,75
2023-07-30,Product_5,25,30,80
2023-07-31,Product_5,7,0,73
2023-08-01,Product_5,7,0,66
2023-08-02,Product_5,18,50,98
2023-08-03,Product_5,9,0,89
2023-08-04,Product_5,10,0,79
2023-08-05,Product_5,29,50,100
2023-08-06,Product_5,12,0,88
2023-08-07,Product_5,8,0,80
2023-08-08,Product_5,18,0,62
2023-08-09,Product_5,6,30,86
2023-08-10,Product_5,19,0,67
2023-08-11,Product_5,16,50,101
2023-08-12,Product_5,14,0,87
2023-08-13,Product_5,27,0,60
2023-08-14,Product_5,9,40,91
2023-08-15,Product_5,19,0,72
2023-08-16,Product_5,19,30,83
2023-08-17,Product_5,9,0,74
2023-08-18,Product_5,17,30,87
2023-08-19,Product_5,23,0,64
2023-08-20,Product_5,19,50,95
2023-08-21,Product_5,18,0,77
2023-08-22,Product_5,20,40,97
2023-08-23,Product_5,18,0,79
2023-08-24,Product_5,11,0,68
2023-08-25,Product_5,18,50,100
2023-08-26,Product_5,14,0,86
2023-08-27,Product_5,13,0,73
2023-08-28,Product_5,9,0,64
2023-08-29,Product_5,14,40,90
2023-08-30,Product_5,17,0,73
2023-08-31,Product_5,5,0,68
2023-09-01,Product_5,6,0,62
2023-09-02,Product_5,25,50,87
2023-09-03,Product_5,20,0,67
2023-09-04,Product_5,17,30,80
2023-09-05,Product_5,5,0,75
2023-09-06,Product_5,6,0,69
2023-09-07,Product_5,7,0,62
2023-09-08,Product_5,16,30,76
2023-09-09,Product_5,15,0,61
2023-09-10,Product_5,11,40,90
2023-09-11,Product_5,11,0,79
2023-09-12,Product_5,15,0,64
2023-09-13,Product_5,19,40,85
2023-09-14,Product_5,7,0,78
2023-09-15,Product_5,14,0,64
2023-09-16,Product_5,20,30,74
2023-09-17,Product_5,21,50,103
2023-09-18,Product_5,13,0,90
2023-09-19,Product_5,7,0,83
2023-09-20,Product_5,7,0,76
2023-09-21,Product_5,17,40,99
2023-09-22,Product_5,10,0,89
2023-09-23,Product_5,16,0,73
2023-09-24,Product_5,26,50,97
2023-09-25,Product_5,5,0,92
2023-09-26,Product_5,5,0,87
2023-09-27,Product_5,10,0,77
2023-09-28,Product_5,13,0,64
2023-09-29,Product_5,15,30,79
2023-09-30,Product_5,11,0,68
2023-10-01,Product_5,22,50,96
2023-10-02,Product_5,15,0,81
2023-10-03,Product_5,12,0,69
2023-10-04,Product_5,19,30,80
2023-10-05,Product_5,7,0,73
2023-10-06,Product_5,19,40,94
2023-10-07,Product_5,14,0,80
2023-10-08,Product_5,27,30,83
2023-10-09,Product_5,11,0,72
2023-10-10,Product_5,7,0,65
2023-10-11,Product_5,6,40,99
2023-10-12,Product_5,20,0,79
2023-10-13,Product_5,7,0,72
2023-10-14,Product_5,16,30,86
2023-10-15,Product_5,21,0,65
2023-10-16,Product_5,15,30,80
2023-10-17,Product_5,20,0,60
2023-10-18,Product_5,12,50,98
2023-10-19,Product_5,9,0,89
2023-10-20,Product_5,16,0,73
2023-10-21,Product_5,23,50,100
2023-10-22,Product_5,25,0,75
2023-10-23,Product_5,8,0,67
2023-10-24,Product_5,14,50,103
2023-10-25,Product_5,10,0,93
2023-10-26,Product_5,13,0,80
2023-10-27,Product_5,9,0,71
2023-10-28,Product_5,21,50,100
2023-10-29,Product_5,11,0,89
2023-10-30,Product_5,8,0,81
2023-10-31,Product_5,13,0,68
2023-11-01,Product_5,9,30,89
2023-11-02,Product_5,11,0,78
2023-11-03,Product_5,5,0,73
2023-11-04,Product_5,27,30,76
2023-11-05,Product_5,24,50,102
2023-11-06,Product_5,9,0,93
2023-11-07,Product_5,14,0,79
2023-11-08,Product_5,20,50,109
2023-11-09,Product_5,14,0,95
2023-11-10,Product_5,15,0,80
2023-11-11,Product_5,23,50,107
2023-11-12,Product_5,23,0,84
2023-11-13,Product_5,15,0,69
2023-11-14,Product_5,12,40,97
2023-11-15,Product_5,6,0,91
2023-11-16,Product_5,10,0,81
2023-11-17,Product_5,19,0,62
2023-11-18,Product_5,20,40,82
2023-11-19,Product_5,13,0,69
2023-11-20,Product_5,10,40,99
2023-11-21,Product_5,17,0,82
2023-11-22,Product_5,13,0,69
2023-11-23,Product_5,8,0,61
2023-11-24,Product_5,8,30,83
2023-11-25,Product_5,20,0,63
2023-11-26,Product_5,26,30,67
2023-11-27,Product_5,6,0,61
2023-11-28,Product_5,15,30,76
2023-11-29,Product_5,9,0,67
2023-11-30,Product_5,12,40,95
2023-12-01,Product_5,10,0,85
2023-12-02,Product_5,21,0,64
2023-12-03,Product_5,20,50,94
2023-12-04,Product_5,12,0,82
2023-12-05,Product_5,12,0,70
2023-12-06,Product_5,16,40,94
2023-12-07,Product_5,5,0,89
2023-12-08,Product_5,15,0,74
2023-12-09,Product_5,27,40,87
2023-12-10,Product_5,24,0,63
2023-12-11,Product_5,5,40,98
2023-12-12,Product_5,12,0,86
2023-12-13,Product_5,19,0,67
2023-12-14,Product_5,15,50,102
2023-12-15,Product_5,15,0,87
2023-12-16,Product_5,17,0,70
2023-12-17,Product_5,26,40,84
2023-12-18,Product_5,12,0,72
2023-12-19,Product_5,16,40,96
2023-12-20,Product_5,8,0,88
2023-12-21,Product_5,10,0,78
2023-12-22,Product_5,5,0,73
2023-12-23,Product_5,17,50,106
2023-12-24,Product_5,26,0,80
2023-12-25,Product_5,9,0,71
2023-12-26,Product_5,6,0,65
2023-12-27,Product_5,10,30,85
2023-12-28,Product_5,14,0,71
2023-12-29,Product_5,17,50,104
2023-12-30,Product_5,25,0,79
2023-12-31,Product_5,18,0,61
2023-01-01,Product_6,19,0,169
2023-01-02,Product_6,8,0,161
2023-01-03,Product_6,19,0,142
2023-01-04,Product_6,13,0,129
2023-01-05,Product_6,6,0,123
2023-01-06,Product_6,7,0,116
2023-01-07,Product_6,20,0,96
2023-01-08,Product_6,14,0,82
2023-01-09,Product_6,16,50,116
2023-01-10,Product_6,18,0,98
2023-01-11,Product_6,5,0,93
2023-01-12,Product_6,10,0,83
2023-01-13,Product_6,18,50,115
2023-01-14,Product_6,26,0,89
2023-01-15,Product_6,27,50,112
2023-01-16,Product_6,12,0,100
2023-01-17,Product_6,5,0,95
2023-01-18,Product_6,7,0,88
2023-01-19,Product_6,20,40,108
2023-01-20,Product_6,14,0,94
2023-01-21,Product_6,23,0,71
2023-01-22,Product_6,12,40,99
2023-01-23,Product_6,14,0,85
2023-01-24,Product_6,10,0,75
2023-01-25,Product_6,18,30,87
2023-01-26,Product_6,16,0,71
2023-01-27,Product_6,8,40,103
2023-01-28,Product_6,16,0,87
2023-01-29,Product_6,15,0,72
2023-01-30,Product_6,5,30,97
2023-01-31,Product_6,5,0,92
2023-02-01,Product_6,5,0,87
2023-02-02,Product_6,20,30,97
2023-02-03,Product_6,10,0,87
2023-02-04,Product_6,15,0,72
2023-02-05,Product_6,13,30,89
2023-02-06,Product_6,7,0,82
2023-02-07,Product_6,9,0,73
2023-02-08,Product_6,5,50,118
2023-02-09,Product_6,5,0,113
2023-02-10,Product_6,14,0,99
2023-02-11,Product_6,26,0,73
2023-02-12,Product_6,18,50,105
2023-02-13,Product_6,18,0,87
2023-02-14,Product_6,9,0,78
2023-02-15,Product_6,13,40,105
2023-02-16,Product_6,9,0,96
2023-02-17,Product_6,7,0,89
2023-02-18,Product_6,30,40,99
2023-02-19,Product_6,25,0,74
2023-02-20,Product_6,19,50,105
2023-02-21,Product_6,17,0,88
2023-02-22,Product_6,16,0,72
2023-02-23,Product_6,10,40,102
2023-02-24,Product_6,10,0,92
2023-02-25,Product_6,20,0,72
2023-02-26,Product_6,16,30,86
2023-02-27,Product_6,5,0,81
2023-02-28,Product_6,14,30,97
2023-03-01,Product_6,6,0,91
2023-03-02,Product_6,16,0,75
2023-03-03,Product_6,13,30,92
2023-03-04,Product_6,18,0,74
2023-03-05,Product_6,18,40,96
2023-03-06,Product_6,19,0,77
2023-03-07,Product_6,19,40,98
2023-03-08,Product_6,12,0,86
2023-03-09,Product_6,18,40,108
2023-03-10,Product_6,17,0,91
2023-03-11,Product_6,20,0,71
2023-03-12,Product_6,11,40,100
2023-03-13,Product_6,12,0,88
2023-03-14,Product_6,6,0,82
2023-03-15,Product_6,11,0,71
2023-03-16,Product_6,14,40,97
2023-03-17,Product_6,8,0,89
2023-03-18,Product_6,27,30,92
2023-03-19,Product_6,15,0,77
2023-03-20,Product_6,14,50,113
2023-03-21,Product_6,15,0,98
2023-03-22,Product_6,11,0,87
2023-03-23,Product_6,19,30,98
2023-03-24,Product_6,20,0,78
2023-03-25,Product_6,20,50,108
2023-03-26,Product_6,14,0,94
2023-03-27,Product_6,16,0,78
2023-03-28,Product_6,5,0,73
2023-03-29,Product_6,9,50,114
2023-03-30,Product_6,7,0,107
2023-03-31,Product_6,19,0,88
2023-04-01,Product_6,13,0,75
2023-04-02,Product_6,24,40,91
2023-04-03,Product_6,6,0,85
2023-04-04,Product_6,6,0,79
2023-04-05,Product_6,14,40,105
2023-04-06,Product_6,6,0,99
2023-04-07,Product_6,20,0,79
2023-04-08,Product_6,16,50,113
2023-04-09,Product_6,30,0,83
2023-04-10,Product_6,10,0,73
2023-04-11,Product_6,8,30,95
2023-04-12,Product_6,9,0,86
2023-04-13,Product_6,20,40,106
2023-04-14,Product_6,8,0,98
2023-04-15,Product_6,30,40,108
2023-04-16,Product_6,23,0,85
2023-04-17,Product_6,11,0,74
2023-04-18,Product_6,5,50,119
2023-04-19,Product_6,5,0,114
2023-04-20,Product_6,6,0,108
2023-04-21,Product_6,5,0,103
2023-04-22,Product_6,19,0,84
2023-04-23,Product_6,26,40,98
2023-04-24,Product_6,16,0,82
2023-04-25,Product_6,13,30,99
2023-04-26,Product_6,10,0,89
2023-04-27,Product_6,7,0,82
2023-04-28,Product_6,7,0,75
2023-04-29,Product_6,21,30,84
2023-04-30,Product_6,17,30,97
2023-05-01,Product_6,9,0,88
2023-05-02,Product_6,16,0,72
2023-05-03,Product_6,10,30,92
2023-05-04,Product_6,18,0,74
2023-05-05,Product_6,6,50,118
2023-05-06,Product_6,14,0,104
2023-05-07,Product_6,20,0,84
2023-05-08,Product_6,6,0,78
2023-05-09,Product_6,17,40,101
2023-05-10,Product_6,13,0,88
2023-05-11,Product_6,9,0,79
2023-05-12,Product_6,15,40,104
2023-05-13,Product_6,17,0,87
2023-05-14,Product_6,20,40,107
2023-05-15,Product_6,10,0,97
2023-05-16,Product_6,9,0,88
2023-05-17,Product_6,16,0,72
2023-05-18,Product_6,17,50,105
2023-05-19,Product_6,16,0,89
2023-05-20,Product_6,23,50,116
2023-05-21,Product_6,15,0,101
2023-05-22,Product_6,11,0,90
2023-05-23,Product_6,11,0,79
2023-05-24,Product_6,20,30,89
2023-05-25,Product_6,14,0,75
2023-05-26,Product_6,8,50,117
2023-05-27,Product_6,27,0,90
2023-05-28,Product_6,18,0,72
2023-05-29,Product_6,6,30,96
2023-05-30,Product_6,9,0,87
2023-05-31,Product_6,15,0,72
2023-06-01,Product_6,5,40,107
2023-06-02,Product_6,18,0,89
2023-06-03,Product_6,20,40,109
2023-06-04,Product_6,26,0,83
2023-06-05,Product_6,19,50,114
2023-06-06,Product_6,17,0,97
2023-06-07,Product_6,19,0,78
2023-06-08,Product_6,12,40,106
2023-06-09,Product_6,17,0,89
2023-06-10,Product_6,22,30,97
2023-06-11,Product_6,24,0,73
2023-06-12,Product_6,8,30,95
2023-06-13,Product_6,14,0,81
2023-06-14,Product_6,15,30,96
2023-06-15,Product_6,19,0,77
2023-06-16,Product_6,13,50,114
2023-06-17,Product_6,20,0,94
2023-06-18,Product_6,23,0,71
2023-06-19,Product_6,16,40,95
2023-06-20,Product_6,19,0,76
2023-06-21,Product_6,9,30,97
2023-06-22,Product_6,14,0,83
2023-06-23,Product_6,16,50,117
2023-06-24,Product_6,19,0,98
2023-06-25,Product_6,20,0,78
2023-06-26,Product_6,13,30,95
2023-06-27,Product_6,14,0,81
2023-06-28,Product_6,17,40,104
2023-06-29,Product_6,14,0,90
2023-06-30,Product_6,13,0,77
2023-07-01,Product_6,24,30,83
2023-07-02,Product_6,28,30,85
2023-07-03,Product_6,12,0,73
2023-07-04,Product_6,8,30,95
2023-07-05,Product_6,8,0,87
2023-07-06,Product_6,10,0,77
2023-07-07,Product_6,17,50,110
2023-07-08,Product_6,26,0,84
2023-07-09,Product_6,23,40,101
2023-07-10,Product_6,14,0,87
2023-07-11,Product_6,9,0,78
2023-07-12,Product_6,5,0,73
2023-07-13,Product_6,10,40,103
2023-07-14,Product_6,5,0,98
2023-07-15,Product_6,11,0,87
2023-07-16,Product_6,20,30,97
2023-07-17,Product_6,6,0,91
2023-07-18,Product_6,18,0,73
2023-07-19,Product_6,19,50,104
2023-07-20,Product_6,5,0,99
2023-07-21,Product_6,14,0,85
2023-07-22,Product_6,18,50,117
2023-07-23,Product_6,26,0,91
2023-07-24,Product_6,17,0,74
2023-07-25,Product_6,15,50,109
2023-07-26,Product_6,6,0,103
2023-07-27,Product_6,19,0,84
2023-07-28,Product_6,10,0,74
2023-07-29,Product_6,16,50,108
2023-07-30,Product_6,21,0,87
2023-07-31,Product_6,15,0,72
2023-08-01,Product_6,17,50,105
2023-08-02,Product_6,15,0,90
2023-08-03,Product_6,5,0,85
2023-08-04,Product_6,7,0,78
2023-08-05,Product_6,13,40,105
2023-08-06,Product_6,17,0,88
2023-08-07,Product_6,11,0,77
2023-08-08,Product_6,12,50,115
2023-08-09,Product_6,18,0,97
2023-08-10,Product_6,10,0,87
2023-08-11,Product_6,17,0,70
2023-08-12,Product_6,17,30,83
2023-08-13,Product_6,20,40,103
2023-08-14,Product_6,11,0,92
2023-08-15,Product_6,6,0,86
2023-08-16,Product_6,5,0,81
2023-08-17,Product_6,18,40,103
2023-08-18,Product_6,14,0,89
2023-08-19,Product_6,19,0,70
2023-08-20,Product_6,20,50,100
2023-08-21,Product_6,17,0,83
2023-08-22,Product_6,14,40,109
2023-08-23,Product_6,16,0,93
2023-08-24,Product_6,6,0,87
2023-08-25,Product_6,5,0,82
2023-08-26,Product_6,20,30,92
2023-08-27,Product_6,17,0,75
2023-08-28,Product_6,9,30,96
2023-08-29,Product_6,7,0,89
2023-08-30,Product_6,14,0,75
2023-08-31,Product_6,7,50,118
2023-09-01,Product_6,10,0,108
2023-09-02,Product_6,22,0,86
2023-09-03,Product_6,25,30,91
2023-09-04,Product_6,12,0,79
2023-09-05,Product_6,9,0,70
2023-09-06,Product_6,15,30,85
2023-09-07,Product_6,19,50,116
2023-09-08,Product_6,12,0,104
2023-09-09,Product_6,18,0,86
2023-09-10,Product_6,23,40,103
2023-09-11,Product_6,12,0,91
2023-09-12,Product_6,9,0,82
2023-09-13,Product_6,12,0,70
2023-09-14,Product_6,5,30,95
2023-09-15,Product_6,15,0,80
2023-09-16,Product_6,16,50,114
2023-09-17,Product_6,16,0,98
2023-09-18,Product_6,20,0,78
2023-09-19,Product_6,5,0,73
2023-09-20,Product_6,18,50,105
2023-09-21,Product_6,20,0,85
2023-09-22,Product_6,20,40,105
2023-09-23,Product_6,25,0,80
2023-09-24,Product_6,14,30,96
2023-09-25,Product_6,11,0,85
2023-09-26,Product_6,16,40,109
2023-09-27,Product_6,11,0,98
2023-09-28,Product_6,8,0,90
2023-09-29,Product_6,9,0,81
2023-09-30,Product_6,25,30,86
2023-10-01,Product_6,22,50,114
2023-10-02,Product_6,11,0,103
2023-10-03,Product_6,12,0,91
2023-10-04,Product_6,12,0,79
2023-10-05,Product_6,13,30,96
2023-10-06,Product_6,18,0,78
2023-10-07,Product_6,10,40,108
2023-10-08,Product_6,27,0,81
2023-10-09,Product_6,16,50,115
2023-10-10,Product_6,7,0,108
2023-10-11,Product_6,14,0,94
2023-10-12,Product_6,19,0,75
2023-10-13,Product_6,11,50,114
2023-10-14,Product_6,16,0,98
2023-10-15,Product_6,25,0,73
2023-10-16,Product_6,16,40,97
2023-10-17,Product_6,13,0,84
2023-10-18,Product_6,7,0,77
2023-10-19,Product_6,12,50,115
2023-10-20,Product_6,11,0,104
2023-10-21,Product_6,22,0,82
2023-10-22,Product_6,13,50,119
2023-10-23,Product_6,17,0,102
2023-10-24,Product_6,10,0,92
2023-10-25,Product_6,5,0,87
2023-10-26,Product_6,9,0,78
2023-10-27,Product_6,12,40,106
2023-10-28,Product_6,20,0,86
2023-10-29,Product_6,19,50,117
2023-10-30,Product_6,20,0,97
2023-10-31,Product_6,12,0,85
2023-11-01,Product_6,11,0,74
2023-11-02,Product_6,6,40,108
2023-11-03,Product_6,9,0,99
2023-11-04,Product_6,26,0,73
2023-11-05,Product_6,30,40,83
2023-11-06,Product_6,5,0,78
2023-11-07,Product_6,12,30,96
2023-11-08,Product_6,7,0,89
2023-11-09,Product_6,6,0,83
2023-11-10,Product_6,13,0,70
2023-11-11,Product_6,19,40,91
2023-11-12,Product_6,20,0,71
2023-11-13,Product_6,17,50,104
2023-11-14,Product_6,16,0,88
2023-11-15,Product_6,9,0,79
2023-11-16,Product_6,5,0,74
2023-11-17,Product_6,7,30,97
2023-11-18,Product_6,19,0,78
2023-11-19,Product_6,29,30,79
2023-11-20,Product_6,18,40,101
2023-11-21,Product_6,15,0,86
2023-11-22,Product_6,5,0,81
2023-11-23,Product_6,16,30,95
2023-11-24,Product_6,8,0,87
2023-11-25,Product_6,11,0,76
2023-11-26,Product_6,18,40,98
2023-11-27,Product_6,7,0,91
2023-11-28,Product_6,10,0,81
2023-11-29,Product_6,7,0,74
2023-11-30,Product_6,9,50,115
2023-12-01,Product_6,19,0,96
2023-12-02,Product_6,16,0,80
2023-12-03,Product_6,23,30,87
2023-12-04,Product_6,13,0,74
2023-12-05,Product_6,13,40,101
2023-12-06,Product_6,6,0,95
2023-12-07,Product_6,14,0,81
2023-12-08,Product_6,10,0,71
2023-12-09,Product_6,28,40,83
2023-12-10,Product_6,17,40,106
2023-12-11,Product_6,9,0,97
2023-12-12,Product_6,8,0,89
2023-12-13,Product_6,20,40,109
2023-12-14,Product_6,12,0,97
2023-12-15,Product_6,8,0,89
2023-12-16,Product_6,12,0,77
2023-12-17,Product_6,13,50,114
2023-12-18,Product_6,15,0,99
2023-12-19,Product_6,16,0,83
2023-12-20,Product_6,7,0,76
2023-12-21,Product_6,9,30,97
2023-12-22,Product_6,12,0,85
2023-12-23,Product_6,26,40,99
2023-12-24,Product_6,13,0,86
2023-12-25,Product_6,16,0,70
2023-12-26,Product_6,11,30,89
2023-12-27,Product_6,5,0,84
2023-12-28,Product_6,9,0,75
2023-12-29,Product_6,16,50,109
2023-12-30,Product_6,16,0,93
2023-12-31,Product_6,23,0,70
2023-01-01,Product_7,19,0,143
2023-01-02,Product_7,11,0,132
2023-01-03,Product_7,6,0,126
2023-01-04,Product_7,19,0,107
2023-01-05,Product_7,14,0,93
2023-01-06,Product_7,15,0,78
2023-01-07,Product_7,28,40,90
2023-01-08,Product_7,24,0,66
2023-01-09,Product_7,11,40,95
2023-01-10,Product_7,8,0,87
2023-01-11,Product_7,11,0,76
2023-01-12,Product_7,20,30,86
2023-01-13,Product_7,16,0,70
2023-01-14,Product_7,17,40,93
2023-01-15,Product_7,19,0,74
2023-01-16,Product_7,14,0,60
2023-01-17,Product_7,16,40,84
2023-01-18,Product_7,10,0,74
2023-01-19,Product_7,13,0,61
2023-01-20,Product_7,15,50,96
2023-01-21,Product_7,22,0,74
2023-01-22,Product_7,25,50,99
2023-01-23,Product_7,7,0,92
2023-01-24,Product_7,6,0,86
2023-01-25,Product_7,11,0,75
2023-01-26,Product_7,12,0,63
2023-01-27,Product_7,14,30,79
2023-01-28,Product_7,22,50,107
2023-01-29,Product_7,24,0,83
2023-01-30,Product_7,19,0,64
2023-01-31,Product_7,11,40,93
2023-02-01,Product_7,13,0,80
2023-02-02,Product_7,19,0,61
2023-02-03,Product_7,20,50,91
2023-02-04,Product_7,18,0,73
2023-02-05,Product_7,25,50,98
2023-02-06,Product_7,19,0,79
2023-02-07,Product_7,6,0,73
2023-02-08,Product_7,15,30,88
2023-02-09,Product_7,20,0,68
2023-02-10,Product_7,8,0,60
2023-02-11,Product_7,16,50,94
2023-02-12,Product_7,25,0,69
2023-02-13,Product_7,6,0,63
2023-02-14,Product_7,19,40,84
2023-02-15,Product_7,15,0,69
2023-02-16,Product_7,20,50,99
2023-02-17,Product_7,20,0,79
2023-02-18,Product_7,29,50,100
2023-02-19,Product_7,20,0,80
2023-02-20,Product_7,20,0,60
2023-02-21,Product_7,18,50,92
2023-02-22,Product_7,8,0,84
2023-02-23,Product_7,6,0,78
2023-02-24,Product_7,5,0,73
2023-02-25,Product_7,13,0,60
2023-02-26,Product_7,29,50,81
2023-02-27,Product_7,5,0,76
2023-02-28,Product_7,13,0,63
2023-03-01,Product_7,10,40,93
2023-03-02,Product_7,12,0,81
2023-03-03,Product_7,7,0,74
2023-03-04,Product_7,20,50,104
2023-03-05,Product_7,23,0,81
2023-03-06,Product_7,8,0,73
2023-03-07,Product_7,13,0,60
2023-03-08,Product_7,6,40,94
2023-03-09,Product_7,11,0,83
2023-03-10,Product_7,12,0,71
2023-03-11,Product_7,17,40,94
2023-03-12,Product_7,18,0,76
2023-03-13,Product_7,8,0,68
2023-03-14,Product_7,6,0,62
2023-03-15,Product_7,7,30,85
2023-03-16,Product_7,17,0,68
2023-03-17,Product_7,19,40,89
2023-03-18,Product_7,15,0,74
2023-03-19,Product_7,19,30,85
2023-03-20,Product_7,20,0,65
2023-03-21,Product_7,15,40,90
2023-03-22,Product_7,19,0,71
2023-03-23,Product_7,8,0,63
2023-03-24,Product_7,19,40,84
2023-03-25,Product_7,20,0,64
2023-03-26,Product_7,13,50,101
2023-03-27,Product_7,16,0,85
2023-03-28,Product_7,9,0,76
2023-03-29,Product_7,17,50,109
2023-03-30,Product_7,17,0,92
2023-03-31,Product_7,13,0,79
2023-04-01,Product_7,12,0,67
2023-04-02,Product_7,23,30,74
2023-04-03,Product_7,12,0,62
2023-04-04,Product_7,8,50,104
2023-04-05,Product_7,11,0,93
2023-04-06,Product_7,15,0,78
2023-04-07,Product_7,16,0,62
2023-04-08,Product_7,28,30,64
2023-04-09,Product_7,15,40,89
2023-04-10,Product_7,13,0,76
2023-04-11,Product_7,10,0,66
2023-04-12,Product_7,11,50,105
2023-04-13,Product_7,16,0,89
2023-04-14,Product_7,11,0,78
2023-04-15,Product_7,16,0,62
2023-04-16,Product_7,25,30,67
2023-04-17,Product_7,5,0,62
2023-04-18,Product_7,16,30,76
2023-04-19,Product_7,17,30,89
2023-04-20,Product_7,15,0,74
2023-04-21,Product_7,5,0,69
2023-04-22,Product_7,24,50,95
2023-04-23,Product_7,27,0,68
2023-04-24,Product_7,18,30,80
2023-04-25,Product_7,9,0,71
2023-04-26,Product_7,17,50,104
2023-04-27,Product_7,13,0,91
2023-04-28,Product_7,7,0,84
2023-04-29,Product_7,13,0,71
2023-04-30,Product_7,26,50,95
2023-05-01,Product_7,5,0,90
2023-05-02,Product_7,20,0,70
2023-05-03,Product_7,6,0,64
2023-05-04,Product_7,19,40,85
2023-05-05,Product_7,13,0,72
2023-05-06,Product_7,20,40,92
2023-05-07,Product_7,15,0,77
2023-05-08,Product_7,20,40,97
2023-05-09,Product_7,9,0,88
2023-05-10,Product_7,19,0,69
2023-05-11,Product_7,20,30,79
2023-05-12,Product_7,16,0,63
2023-05-13,Product_7,25,40,78
2023-05-14,Product_7,21,50,107
2023-05-15,Product_7,12,0,95
2023-05-16,Product_7,11,0,84
2023-05-17,Product_7,20,0,64
2023-05-18,Product_7,10,30,84
2023-05-19,Product_7,10,0,74
2023-05-20,Product_7,24,40,90
2023-05-21,Product_7,10,0,80
2023-05-22,Product_7,13,0,67
2023-05-23,Product_7,8,30,89
2023-05-24,Product_7,16,0,73
2023-05-25,Product_7,14,50,109
2023-05-26,Product_7,11,0,98
2023-05-27,Product_7,22,0,76
2023-05-28,Product_7,19,30,87
2023-05-29,Product_7,10,0,77
2023-05-30,Product_7,16,0,61
2023-05-31,Product_7,5,40,96
2023-06-01,Product_7,12,0,84
2023-06-02,Product_7,18,0,66
2023-06-03,Product_7,21,30,75
2023-06-04,Product_7,10,0,65
2023-06-05,Product_7,6,40,99
2023-06-06,Product_7,7,0,92
2023-06-07,Product_7,6,0,86
2023-06-08,Product_7,15,0,71
2023-06-09,Product_7,19,30,82
2023-06-10,Product_7,29,40,93
2023-06-11,Product_7,21,0,72
2023-06-12,Product_7,5,0,67
2023-06-13,Product_7,8,40,99
2023-06-14,Product_7,5,0,94
2023-06-15,Product_7,12,0,82
2023-06-16,Product_7,17,0,65
2023-06-17,Product_7,18,30,77
2023-06-18,Product_7,26,50,101
2023-06-19,Product_7,16,0,85
2023-06-20,Product_7,10,0,75
2023-06-21,Product_7,15,0,60
2023-06-22,Product_7,7,40,93
2023-06-23,Product_7,14,0,79
2023-06-24,Product_7,14,0,65
2023-06-25,Product_7,10,50,105
2023-06-26,Product_7,19,0,86
2023-06-27,Product_7,15,0,71
2023-06-28,Product_7,15,30,86
2023-06-29,Product_7,10,0,76
2023-06-30,Product_7,9,0,67
2023-07-01,Product_7,15,50,102
2023-07-02,Product_7,23,0,79
2023-07-03,Product_7,16,0,63
2023-07-04,Product_7,5,50,108
2023-07-05,Product_7,16,0,92
2023-07-06,Product_7,6,0,86
2023-07-07,Product_7,18,0,68
2023-07-08,Product_7,22,40,86
2023-07-09,Product_7,25,0,61
2023-07-10,Product_7,8,40,93
2023-07-11,Product_7,13,0,80
2023-07-12,Product_7,5,0,75
2023-07-13,Product_7,12,0,63
2023-07-14,Product_7,15,30,78
2023-07-15,Product_7,25,40,93
2023-07-16,Product_7,15,0,78
2023-07-17,Product_7,12,0,66
2023-07-18,Product_7,8,40,98
2023-07-19,Product_7,8,0,90
2023-07-20,Product_7,5,0,85
2023-07-21,Product_7,11,0,74
2023-07-22,Product_7,14,0,60
2023-07-23,Product_7,12,40,88
2023-07-24,Product_7,6,0,82
2023-07-25,Product_7,9,0,73
2023-07-26,Product_7,18,30,85
2023-07-27,Product_7,20,0,65
2023-07-28,Product_7,14,30,81
2023-07-29,Product_7,23,30,88
2023-07-30,Product_7,21,0,67
2023-07-31,Product_7,6,0,61
2023-08-01,Product_7,17,30,74
2023-08-02,Product_7,10,0,64
2023-08-03,Product_7,16,40,88
2023-08-04,Product_7,5,0,83
2023-08-05,Product_7,29,40,94
2023-08-06,Product_7,25,0,69
2023-08-07,Product_7,9,0,60
2023-08-08,Product_7,14,50,96
2023-08-09,Product_7,5,0,91
2023-08-10,Product_7,8,0,83
2023-08-11,Product_7,11,0,72
2023-08-12,Product_7,13,30,89
2023-08-13,Product_7,19,0,70
2023-08-14,Product_7,15,50,105
2023-08-15,Product_7,7,0,98
2023-08-16,Product_7,16,0,82
2023-08-17,Product_7,10,0,72
2023-08-18,Product_7,13,40,99
2023-08-19,Product_7,19,0,80
2023-08-20,Product_7,15,0,65
2023-08-21,Product_7,19,40,86
2023-08-22,Product_7,9,0,77
2023-08-23,Product_7,16,0,61
2023-08-24,Product_7,11,50,100
2023-08-25,Product_7,6,0,94
2023-08-26,Product_7,14,0,80
2023-08-27,Product_7,22,50,108
2023-08-28,Product_7,13,0,95
2023-08-29,Product_7,20,0,75
2023-08-30,Product_7,16,50,109
2023-08-31,Product_7,19,0,90
2023-09-01,Product_7,14,0,76
2023-09-02,Product_7,17,50,109
2023-09-03,Product_7,25,0,84
2023-09-04,Product_7,20,0,64
2023-09-05,Product_7,6,30,88
2023-09-06,Product_7,10,0,78
2023-09-07,Product_7,18,0,60
2023-09-08,Product_7,19,40,81
2023-09-09,Product_7,24,40,97
2023-09-10,Product_7,15,0,82
2023-09-11,Product_7,11,0,71
2023-09-12,Product_7,10,0,61
2023-09-13,Product_7,11,40,90
2023-09-14,Product_7,5,0,85
2023-09-15,Product_7,15,0,70
2023-09-16,Product_7,14,50,106
2023-09-17,Product_7,27,0,79
2023-09-18,Product_7,18,0,61
2023-09-19,Product_7,10,40,91
2023-09-20,Product_7,16,0,75
2023-09-21,Product_7,6,0,69
2023-09-22,Product_7,7,0,62
2023-09-23,Product_7,25,30,67
2023-09-24,Product_7,17,50,100
2023-09-25,Product_7,13,0,87
2023-09-26,Product_7,17,0,70
2023-09-27,Product_7,19,40,91
2023-09-28,Product_7,20,0,71
2023-09-29,Product_7,8,0,63
2023-09-30,Product_7,24,30,69
2023-10-01,Product_7,18,30,81
2023-10-02,Product_7,11,0,70
2023-10-03,Product_7,14,40,96
2023-10-04,Product_7,11,0,85
2023-10-05,Product_7,19,0,66
2023-10-06,Product_7,5,0,61
2023-10-07,Product_7,16,40,85
2023-10-08,Product_7,23,0,62
2023-10-09,Product_7,9,30,83
2023-10-10,Product_7,5,0,78
2023-10-11,Product_7,11,0,67
2023-10-12,Product_7,7,0,60
2023-10-13,Product_7,14,50,96
2023-10-14,Product_7,18,0,78
2023-10-15,Product_7,17,0,61
2023-10-16,Product_7,14,40,87
2023-10-17,Product_7,7,0,80
2023-10-18,Product_7,10,0,70
2023-10-19,Product_7,8,0,62
2023-10-20,Product_7,14,30,78
2023-10-21,Product_7,25,50,103
2023-10-22,Product_7,21,0,82
2023-10-23,Product_7,8,0,74
2023-10-24,Product_7,5,0,69
2023-10-25,Product_7,17,50,102
2023-10-26,Product_7,19,0,83
2023-10-27,Product_7,15,0,68
2023-10-28,Product_7,16,40,92
2023-10-29,Product_7,14,0,78
2023-10-30,Product_7,7,0,71
2023-10-31,Product_7,7,0,64
2023-11-01,Product_7,17,50,97
2023-11-02,Product_7,20,0,77
2023-11-03,Product_7,13,0,64
2023-11-04,Product_7,22,40,82
2023-11-05,Product_7,28,40,94
2023-11-06,Product_7,9,0,85
2023-11-07,Product_7,18,0,67
2023-11-08,Product_7,17,30,80
2023-11-09,Product_7,12,0,68
2023-11-10,Product_7,18,50,100
2023-11-11,Product_7,17,0,83
2023-11-12,Product_7,15,0,68
2023-11-13,Product_7,8,0,60
2023-11-14,Product_7,8,30,82
2023-11-15,Product_7,14,0,68
2023-11-16,Product_7,10,30,88
2023-11-17,Product_7,6,0,82
2023-11-18,Product_7,17,0,65
2023-11-19,Product_7,24,30,71
2023-11-20,Product_7,12,50,109
2023-11-21,Product_7,18,0,91
2023-11-22,Product_7,12,0,79
2023-11-23,Product_7,15,0,64
2023-11-24,Product_7,12,30,82
2023-11-25,Product_7,25,50,107
2023-11-26,Product_7,11,0,96
2023-11-27,Product_7,5,0,91
2023-11-28,Product_7,7,0,84
2023-11-29,Product_7,13,0,71
2023-11-30,Product_7,13,40,98
2023-12-01,Product_7,6,0,92
2023-12-02,Product_7,24,0,68
2023-12-03,Product_7,11,50,107
2023-12-04,Product_7,5,0,102
2023-12-05,Product_7,7,0,95
2023-12-06,Product_7,5,0,90
2023-12-07,Product_7,9,0,81
2023-12-08,Product_7,12,0,69
2023-12-09,Product_7,17,40,92
2023-12-10,Product_7,17,0,75
2023-12-11,Product_7,10,0,65
2023-12-12,Product_7,8,30,87
2023-12-13,Product_7,12,0,75
2023-12-14,Product_7,14,0,61
2023-12-15,Product_7,10,50,101
2023-12-16,Product_7,17,0,84
2023-12-17,Product_7,18,0,66
2023-12-18,Product_7,20,50,96
2023-12-19,Product_7,6,0,90
2023-12-20,Product_7,9,0,81
2023-12-21,Product_7,5,0,76
2023-12-22,Product_7,15,0,61
2023-12-23,Product_7,23,50,88
2023-12-24,Product_7,25,0,63
2023-12-25,Product_7,11,40,92
2023-12-26,Product_7,9,0,83
2023-12-27,Product_7,20,0,63
2023-12-28,Product_7,6,40,97
2023-12-29,Product_7,20,0,77
2023-12-30,Product_7,19,50,108
2023-12-31,Product_7,10,0,98
2023-01-01,Product_8,23,30,166
2023-01-02,Product_8,8,0,158
2023-01-03,Product_8,10,50,198
2023-01-04,Product_8,17,0,181
2023-01-05,Product_8,18,0,163
2023-01-06,Product_8,12,0,151
2023-01-07,Product_8,25,30,156
2023-01-08,Product_8,18,40,178
2023-01-09,Product_8,17,0,161
2023-01-10,Product_8,19,50,192
2023-01-11,Product_8,14,0,178
2023-01-12,Product_8,6,0,172
2023-01-13,Product_8,13,0,159
2023-01-14,Product_8,27,40,172
2023-01-15,Product_8,15,0,157
2023-01-16,Product_8,16,30,171
2023-01-17,Product_8,16,0,155
2023-01-18,Product_8,13,40,182
2023-01-19,Product_8,7,0,175
2023-01-20,Product_8,14,0,161
2023-01-21,Product_8,17,40,184
2023-01-22,Product_8,22,0,162
2023-01-23,Product_8,12,0,150
2023-01-24,Product_8,20,40,170
2023-01-25,Product_8,10,0,160
2023-01-26,Product_8,18,40,182
2023-01-27,Product_8,10,0,172
2023-01-28,Product_8,22,0,150
2023-01-29,Product_8,25,50,175
2023-01-30,Product_8,19,0,156
2023-01-31,Product_8,18,50,188
2023-02-01,Product_8,12,0,176
2023-02-02,Product_8,11,0,165
2023-02-03,Product_8,5,0,160
2023-02-04,Product_8,20,40,180
2023-02-05,Product_8,22,0,158
2023-02-06,Product_8,14,50,194
2023-02-07,Product_8,13,0,181
2023-02-08,Product_8,17,0,164
2023-02-09,Product_8,19,50,195
2023-02-10,Product_8,5,0,190
2023-02-11,Product_8,19,0,171
2023-02-12,Product_8,21,0,150
2023-02-13,Product_8,20,30,160
2023-02-14,Product_8,5,0,155
2023-02-15,Product_8,18,30,167
2023-02-16,Product_8,17,0,150
2023-02-17,Product_8,7,50,193
2023-02-18,Product_8,20,0,173
2023-02-19,Product_8,16,0,157
2023-02-20,Product_8,9,50,198
2023-02-21,Product_8,8,0,190
2023-02-22,Product_8,10,0,180
2023-02-23,Product_8,12,0,168
2023-02-24,Product_8,6,0,162
2023-02-25,Product_8,27,40,175
2023-02-26,Product_8,10,0,165
2023-02-27,Product_8,19,40,186
2023-02-28,Product_8,8,0,178
2023-03-01,Product_8,19,0,159
2023-03-02,Product_8,10,50,199
2023-03-03,Product_8,8,0,191
2023-03-04,Product_8,15,0,176
2023-03-05,Product_8,15,0,161
2023-03-06,Product_8,5,0,156
2023-03-07,Product_8,17,50,189
2023-03-08,Product_8,19,0,170
2023-03-09,Product_8,13,0,157
2023-03-10,Product_8,12,30,175
2023-03-11,Product_8,17,0,158
2023-03-12,Product_8,19,30,169
2023-03-13,Product_8,15,0,154
2023-03-14,Product_8,19,50,185
2023-03-15,Product_8,7,0,178
2023-03-16,Product_8,11,0,167
2023-03-17,Product_8,14,0,153
2023-03-18,Product_8,21,30,162
2023-03-19,Product_8,20,30,172
2023-03-20,Product_8,16,0,156
2023-03-21,Product_8,8,30,178
2023-03-22,Product_8,13,0,165
2023-03-23,Product_8,11,0,154
2023-03-24,Product_8,18,50,186
2023-03-25,Product_8,27,0,159
2023-03-26,Product_8,14,50,195
2023-03-27,Product_8,13,0,182
2023-03-28,Product_8,15,0,167
2023-03-29,Product_8,12,0,155
2023-03-30,Product_8,18,50,187
2023-03-31,Product_8,16,0,171
2023-04-01,Product_8,26,40,185
2023-04-02,Product_8,16,0,169
2023-04-03,Product_8,17,0,152
2023-04-04,Product_8,15,30,167
2023-04-05,Product_8,11,0,156
2023-04-06,Product_8,10,50,196
2023-04-07,Product_8,19,0,177
2023-04-08,Product_8,28,50,199
2023-04-09,Product_8,25,0,174
2023-04-10,Product_8,8,0,166
2023-04-11,Product_8,18,30,178
2023-04-12,Product_8,13,0,165
2023-04-13,Product_8,15,0,150
2023-04-14,Product_8,15,30,165
2023-04-15,Product_8,20,50,195
2023-04-16,Product_8,22,0,173
2023-04-17,Product_8,12,0,161
2023-04-18,Product_8,10,0,151
2023-04-19,Product_8,20,50,181
2023-04-20,Product_8,6,0,175
2023-04-21,Product_8,12,0,163
2023-04-22,Product_8,25,50,188
2023-04-23,Product_8,22,0,166
2023-04-24,Product_8,7,0,159
2023-04-25,Product_8,6,0,153
2023-04-26,Product_8,13,40,180
2023-04-27,Product_8,9,0,171
2023-04-28,Product_8,17,0,154
2023-04-29,Product_8,11,30,173
2023-04-30,Product_8,13,0,160
2023-05-01,Product_8,9,0,151
2023-05-02,Product_8,19,40,172
2023-05-03,Product_8,20,0,152
2023-05-04,Product_8,6,40,186
2023-05-05,Product_8,20,0,166
2023-05-06,Product_8,28,40,178
2023-05-07,Product_8,27,0,151
2023-05-08,Product_8,15,50,186
2023-05-09,Product_8,16,0,170
2023-05-10,Product_8,11,0,159
2023-05-11,Product_8,18,50,191
2023-05-12,Product_8,18,0,173
2023-05-13,Product_8,21,0,152
2023-05-14,Product_8,18,30,164
2023-05-15,Product_8,14,0,150
2023-05-16,Product_8,10,40,180
2023-05-17,Product_8,9,0,171
2023-05-18,Product_8,7,0,164
2023-05-19,Product_8,11,0,153
2023-05-20,Product_8,12,50,191
2023-05-21,Product_8,17,0,174
2023-05-22,Product_8,10,0,164
2023-05-23,Product_8,14,0,150
2023-05-24,Product_8,18,30,162
2023-05-25,Product_8,7,0,155
2023-05-26,Product_8,17,40,178
2023-05-27,Product_8,12,0,166
2023-05-28,Product_8,14,0,152
2023-05-29,Product_8,13,50,189
2023-05-30,Product_8,9,0,180
2023-05-31,Product_8,5,0,175
2023-06-01,Product_8,5,0,170
2023-06-02,Product_8,11,0,159
2023-06-03,Product_8,23,50,186
2023-06-04,Product_8,28,0,158
2023-06-05,Product_8,19,30,169
2023-06-06,Product_8,13,0,156
2023-06-07,Product_8,18,40,178
2023-06-08,Product_8,18,0,160
2023-06-09,Product_8,14,50,196
2023-06-10,Product_8,12,0,184
2023-06-11,Product_8,12,0,172
2023-06-12,Product_8,5,0,167
2023-06-13,Product_8,13,0,154
2023-06-14,Product_8,20,30,164
2023-06-15,Product_8,7,0,157
2023-06-16,Product_8,15,30,172
2023-06-17,Product_8,24,40,188
2023-06-18,Product_8,30,0,158
2023-06-19,Product_8,5,0,153
2023-06-20,Product_8,17,40,176
2023-06-21,Product_8,19,0,157
2023-06-22,Product_8,9,50,198
2023-06-23,Product_8,19,0,179
2023-06-24,Product_8,23,0,156
2023-06-25,Product_8,18,30,168
2023-06-26,Product_8,17,0,151
2023-06-27,Product_8,12,30,169
2023-06-28,Product_8,5,0,164
2023-06-29,Product_8,15,40,189
2023-06-30,Product_8,14,0,175
2023-07-01,Product_8,18,0,157
2023-07-02,Product_8,22,30,165
2023-07-03,Product_8,16,50,199
2023-07-04,Product_8,5,0,194
2023-07-05,Product_8,5,0,189
2023-07-06,Product_8,18,0,171
2023-07-07,Product_8,5,0,166
2023-07-08,Product_8,20,50,196
2023-07-09,Product_8,26,0,170
2023-07-10,Product_8,18,0,152
2023-07-11,Product_8,11,40,181
2023-07-12,Product_8,11,0,170
2023-07-13,Product_8,9,0,161
2023-07-14,Product_8,15,50,196
2023-07-15,Product_8,22,0,174
2023-07-16,Product_8,11,0,163
2023-07-17,Product_8,6,0,157
2023-07-18,Product_8,6,0,151
2023-07-19,Product_8,8,40,183
2023-07-20,Product_8,7,0,176
2023-07-21,Product_8,10,0,166
2023-07-22,Product_8,22,30,174
2023-07-23,Product_8,22,0,152
2023-07-24,Product_8,5,40,187
2023-07-25,Product_8,12,0,175
2023-07-26,Product_8,6,0,169
2023-07-27,Product_8,8,0,161
2023-07-28,Product_8,18,40,183
2023-07-29,Product_8,26,0,157
2023-07-30,Product_8,17,40,180
2023-07-31,Product_8,10,0,170
2023-08-01,Product_8,15,0,155
2023-08-02,Product_8,17,40,178
2023-08-03,Product_8,17,0,161
2023-08-04,Product_8,6,0,155
2023-08-05,Product_8,15,50,190
2023-08-06,Product_8,23,0,167
2023-08-07,Product_8,14,0,153
2023-08-08,Product_8,13,40,180
2023-08-09,Product_8,6,0,174
2023-08-10,Product_8,12,0,162
2023-08-11,Product_8,11,0,151
2023-08-12,Product_8,13,40,178
2023-08-13,Product_8,19,0,159
2023-08-14,Product_8,5,0,154
2023-08-15,Product_8,20,50,184
2023-08-16,Product_8,7,0,177
2023-08-17,Product_8,17,0,160
2023-08-18,Product_8,15,30,175
2023-08-19,Product_8,19,0,156
2023-08-20,Product_8,26,40,170
2023-08-21,Product_8,19,0,151
2023-08-22,Product_8,18,50,183
2023-08-23,Product_8,5,0,178
2023-08-24,Product_8,6,0,172
2023-08-25,Product_8,12,0,160
2023-08-26,Product_8,20,40,180
2023-08-27,Product_8,23,0,157
2023-08-28,Product_8,5,0,152
2023-08-29,Product_8,9,50,193
2023-08-30,Product_8,11,0,182
2023-08-31,Product_8,8,0,174
2023-09-01,Product_8,13,0,161
2023-09-02,Product_8,17,30,174
2023-09-03,Product_8,24,0,150
2023-09-04,Product_8,11,50,189
2023-09-05,Product_8,15,0,174
2023-09-06,Product_8,5,0,169
2023-09-07,Product_8,18,0,151
2023-09-08,Product_8,8,50,193
2023-09-09,Product_8,16,0,177
2023-09-10,Product_8,16,0,161
2023-09-11,Product_8,8,0,153
2023-09-12,Product_8,6,50,197
2023-09-13,Product_8,15,0,182
2023-09-14,Product_8,10,0,172
2023-09-15,Product_8,12,0,160
2023-09-16,Product_8,23,50,187
2023-09-17,Product_8,24,0,163
2023-09-18,Product_8,8,0,155
2023-09-19,Product_8,14,50,191
2023-09-20,Product_8,14,0,177
2023-09-21,Product_8,12,0,165
2023-09-22,Product_8,17,30,178
2023-09-23,Product_8,16,0,162
2023-09-24,Product_8,20,40,182
2023-09-25,Product_8,19,0,163
2023-09-26,Product_8,8,0,155
2023-09-27,Product_8,7,50,198
2023-09-28,Product_8,20,0,178
2023-09-29,Product_8,6,0,172
2023-09-30,Product_8,19,0,153
2023-10-01,Product_8,16,40,177
2023-10-02,Product_8,20,0,157
2023-10-03,Product_8,8,40,189
2023-10-04,Product_8,17,0,172
2023-10-05,Product_8,11,0,161
2023-10-06,Product_8,8,0,153
2023-10-07,Product_8,15,40,178
2023-10-08,Product_8,14,0,164
2023-10-09,Product_8,20,50,194
2023-10-10,Product_8,17,0,177
2023-10-11,Product_8,9,0,168
2023-10-12,Product_8,16,0,152
2023-10-13,Product_8,8,30,174
2023-10-14,Product_8,17,0,157
2023-10-15,Product_8,17,30,170
2023-10-16,Product_8,20,0,150
2023-10-17,Product_8,19,40,171
2023-10-18,Product_8,13,0,158
2023-10-19,Product_8,15,40,183
2023-10-20,Product_8,6,0,177
2023-10-21,Product_8,18,0,159
2023-10-22,Product_8,16,50,193
2023-10-23,Product_8,7,0,186
2023-10-24,Product_8,11,0,175
2023-10-25,Product_8,6,0,169
2023-10-26,Product_8,13,0,156
2023-10-27,Product_8,7,40,189
2023-10-28,Product_8,13,0,176
2023-10-29,Product_8,21,0,155
2023-10-30,Product_8,18,30,167
2023-10-31,Product_8,9,0,158
2023-11-01,Product_8,12,50,196
2023-11-02,Product_8,18,0,178
2023-11-03,Product_8,7,0,171
2023-11-04,Product_8,17,0,154
2023-11-05,Product_8,25,30,159
2023-11-06,Product_8,11,40,188
2023-11-07,Product_8,10,0,178
2023-11-08,Product_8,16,0,162
2023-11-09,Product_8,17,50,195
2023-11-10,Product_8,7,0,188
2023-11-11,Product_8,19,0,169
2023-11-12,Product_8,15,0,154
2023-11-13,Product_8,10,50,194
2023-11-14,Product_8,14,0,180
2023-11-15,Product_8,5,0,175
2023-11-16,Product_8,11,0,164
2023-11-17,Product_8,19,40,185
2023-11-18,Product_8,25,0,160
2023-11-19,Product_8,16,40,184
2023-11-20,Product_8,9,0,175
2023-11-21,Product_8,7,0,168
2023-11-22,Product_8,11,0,157
2023-11-23,Product_8,13,30,174
2023-11-24,Product_8,16,0,158
2023-11-25,Product_8,21,50,187
2023-11-26,Product_8,22,0,165
2023-11-27,Product_8,14,0,151
2023-11-28,Product_8,7,40,184
2023-11-29,Product_8,20,0,164
2023-11-30,Product_8,14,0,150
2023-12-01,Product_8,5,50,195
2023-12-02,Product_8,18,0,177
2023-12-03,Product_8,21,0,156
2023-12-04,Product_8,15,50,191
2023-12-05,Product_8,8,0,183
2023-12-06,Product_8,9,0,174
2023-12-07,Product_8,13,0,161
2023-12-08,Product_8,11,0,150
2023-12-09,Product_8,18,50,182
2023-12-10,Product_8,19,0,163
2023-12-11,Product_8,11,0,152
2023-12-12,Product_8,15,30,167
2023-12-13,Product_8,7,0,160
2023-12-14,Product_8,7,0,153
2023-12-15,Product_8,7,40,186
2023-12-16,Product_8,28,0,158
2023-12-17,Product_8,13,40,185
2023-12-18,Product_8,7,0,178
2023-12-19,Product_8,20,0,158
2023-12-20,Product_8,5,0,153
2023-12-21,Product_8,7,50,196
2023-12-22,Product_8,9,0,187
2023-12-23,Product_8,22,0,165
2023-12-24,Product_8,20,30,175
2023-12-25,Product_8,10,0,165
2023-12-26,Product_8,11,0,154
2023-12-27,Product_8,17,50,187
2023-12-28,Product_8,15,0,172
2023-12-29,Product_8,20,0,152
2023-12-30,Product_8,15,50,187
2023-12-31,Product_8,23,0,164
2023-01-01,Product_9,15,0,117
2023-01-02,Product_9,20,0,97
2023-01-03,Product_9,19,0,78
2023-01-04,Product_9,18,0,60
2023-01-05,Product_9,7,30,83
2023-01-06,Product_9,5,0,78
2023-01-07,Product_9,13,0,65
2023-01-08,Product_9,20,40,85
2023-01-09,Product_9,11,0,74
2023-01-10,Product_9,20,50,104
2023-01-11,Product_9,17,0,87
2023-01-12,Product_9,14,0,73
2023-01-13,Product_9,11,0,62
2023-01-14,Product_9,27,30,65
2023-01-15,Product_9,17,50,98
2023-01-16,Product_9,8,0,90
2023-01-17,Product_9,20,0,70
2023-01-18,Product_9,17,50,103
2023-01-19,Product_9,14,0,89
2023-01-20,Product_9,7,0,82
2023-01-21,Product_9,20,0,62
2023-01-22,Product_9,16,40,86
2023-01-23,Product_9,13,0,73
2023-01-24,Product_9,10,0,63
2023-01-25,Product_9,12,30,81
2023-01-26,Product_9,13,0,68
2023-01-27,Product_9,16,30,82
2023-01-28,Product_9,15,0,67
2023-01-29,Product_9,15,50,102
2023-01-30,Product_9,9,0,93
2023-01-31,Product_9,14,0,79
2023-02-01,Product_9,12,0,67
2023-02-02,Product_9,6,0,61
2023-02-03,Product_9,12,50,99
2023-02-04,Product_9,15,0,84
2023-02-05,Product_9,17,0,67
2023-02-06,Product_9,12,30,85
2023-02-07,Product_9,18,0,67
2023-02-08,Product_9,12,30,85
2023-02-09,Product_9,10,0,75
2023-02-10,Product_9,8,0,67
2023-02-11,Product_9,14,40,93
2023-02-12,Product_9,22,0,71
2023-02-13,Product_9,14,50,107
2023-02-14,Product_9,8,0,99
2023-02-15,Product_9,8,0,91
2023-02-16,Product_9,8,0,83
2023-02-17,Product_9,12,0,71
2023-02-18,Product_9,16,50,105
2023-02-19,Product_9,13,0,92
2023-02-20,Product_9,13,0,79
2023-02-21,Product_9,7,0,72
2023-02-22,Product_9,16,50,106
2023-02-23,Product_9,13,0,93
2023-02-24,Product_9,9,0,84
2023-02-25,Product_9,20,0,64
2023-02-26,Product_9,29,30,65
2023-02-27,Product_9,9,50,106
2023-02-28,Product_9,6,0,100
2023-03-01,Product_9,8,0,92
2023-03-02,Product_9,11,0,81
2023-03-03,Product_9,15,0,66
2023-03-04,Product_9,28,50,88
2023-03-05,Product_9,23,0,65
2023-03-06,Product_9,11,30,84
2023-03-07,Product_9,16,0,68
2023-03-08,Product_9,12,50,106
2023-03-09,Product_9,19,0,87
2023-03-10,Product_9,8,0,79
2023-03-11,Product_9,22,50,107
2023-03-12,Product_9,10,0,97
2023-03-13,Product_9,5,0,92
2023-03-14,Product_9,5,0,87
2023-03-15,Product_9,6,0,81
2023-03-16,Product_9,5,0,76
2023-03-17,Product_9,20,30,86
2023-03-18,Product_9,11,0,75
2023-03-19,Product_9,15,0,60
2023-03-20,Product_9,5,40,95
2023-03-21,Product_9,14,0,81
2023-03-22,Product_9,11,0,70
2023-03-23,Product_9,17,50,103
2023-03-24,Product_9,15,0,88
2023-03-25,Product_9,18,0,70
2023-03-26,Product_9,20,30,80
2023-03-27,Product_9,6,0,74
2023-03-28,Product_9,5,0,69
2023-03-29,Product_9,10,50,109
2023-03-30,Product_9,8,0,101
2023-03-31,Product_9,11,0,90
2023-04-01,Product_9,18,0,72
2023-04-02,Product_9,20,50,102
2023-04-03,Product_9,15,0,87
2023-04-04,Product_9,11,0,76
2023-04-05,Product_9,12,0,64
2023-04-06,Product_9,20,30,74
2023-04-07,Product_9,17,30,87
2023-04-08,Product_9,17,0,70
2023-04-09,Product_9,24,30,76
2023-04-10,Product_9,11,0,65
2023-04-11,Product_9,18,40,87
2023-04-12,Product_9,6,0,81
2023-04-13,Product_9,14,0,67
2023-04-14,Product_9,18,30,79
2023-04-15,Product_9,18,0,61
2023-04-16,Product_9,29,40,72
2023-04-17,Product_9,13,30,89
2023-04-18,Product_9,7,0,82
2023-04-19,Product_9,5,0,77
2023-04-20,Product_9,15,0,62
2023-04-21,Product_9,20,40,82
2023-04-22,Product_9,14,0,68
2023-04-23,Product_9,22,30,76
2023-04-24,Product_9,7,0,69
2023-04-25,Product_9,7,0,62
2023-04-26,Product_9,14,30,78
2023-04-27,Product_9,13,0,65
2023-04-28,Product_9,15,50,100
2023-04-29,Product_9,20,0,80
2023-04-30,Product_9,14,0,66
2023-05-01,Product_9,20,40,86
2023-05-02,Product_9,19,0,67
2023-05-03,Product_9,9,30,88
2023-05-04,Product_9,6,0,82
2023-05-05,Product_9,17,0,65
2023-05-06,Product_9,24,50,91
2023-05-07,Product_9,11,0,80
2023-05-08,Product_9,11,0,69
2023-05-09,Product_9,16,50,103
2023-05-10,Product_9,13,0,90
2023-05-11,Product_9,17,0,73
2023-05-12,Product_9,5,0,68
2023-05-13,Product_9,18,40,90
2023-05-14,Product_9,15,0,75
2023-05-15,Product_9,19,30,86
2023-05-16,Product_9,15,0,71
2023-05-17,Product_9,18,40,93
2023-05-18,Product_9,19,0,74
2023-05-19,Product_9,12,0,62
2023-05-20,Product_9,15,40,87
2023-05-21,Product_9,28,30,89
2023-05-22,Product_9,9,0,80
2023-05-23,Product_9,16,0,64
2023-05-24,Product_9,6,40,98
2023-05-25,Product_9,12,0,86
2023-05-26,Product_9,6,0,80
2023-05-27,Product_9,20,0,60
2023-05-28,Product_9,17,50,93
2023-05-29,Product_9,13,0,80
2023-05-30,Product_9,18,0,62
2023-05-31,Product_9,12,30,80
2023-06-01,Product_9,15,0,65
2023-06-02,Product_9,19,50,96
2023-06-03,Product_9,18,0,78
2023-06-04,Product_9,23,50,105
2023-06-05,Product_9,13,0,92
2023-06-06,Product_9,14,0,78
2023-06-07,Product_9,16,0,62
2023-06-08,Product_9,5,40,97
2023-06-09,Product_9,7,0,90
2023-06-10,Product_9,24,0,66
2023-06-11,Product_9,17,50,99
2023-06-12,Product_9,12,0,87
2023-06-13,Product_9,18,0,69
2023-06-14,Product_9,7,0,62
2023-06-15,Product_9,11,30,81
2023-06-16,Product_9,17,0,64
2023-06-17,Product_9,29,50,85
2023-06-18,Product_9,11,0,74
2023-06-19,Product_9,18,30,86
2023-06-20,Product_9,9,0,77
2023-06-21,Product_9,14,0,63
2023-06-22,Product_9,5,30,88
2023-06-23,Product_9,17,0,71
2023-06-24,Product_9,28,40,83
2023-06-25,Product_9,25,40,98
2023-06-26,Product_9,8,0,90
2023-06-27,Product_9,17,0,73
2023-06-28,Product_9,6,0,67
2023-06-29,Product_9,5,0,62
2023-06-30,Product_9,18,40,84
2023-07-01,Product_9,12,0,72
2023-07-02,Product_9,19,30,83
2023-07-03,Product_9,18,0,65
2023-07-04,Product_9,6,40,99
2023-07-05,Product_9,12,0,87
2023-07-06,Product_9,10,0,77
2023-07-07,Product_9,14,0,63
2023-07-08,Product_9,19,50,94
2023-07-09,Product_9,12,0,82
2023-07-10,Product_9,13,0,69
2023-07-11,Product_9,13,50,106
2023-07-12,Product_9,18,0,88
2023-07-13,Product_9,13,0,75
2023-07-14,Product_9,9,0,66
2023-07-15,Product_9,21,30,75
2023-07-16,Product_9,15,0,60
2023-07-17,Product_9,20,50,90
2023-07-18,Product_9,12,0,78
2023-07-19,Product_9,6,0,72
2023-07-20,Product_9,16,50,106
2023-07-21,Product_9,19,0,87
2023-07-22,Product_9,26,0,61
2023-07-23,Product_9,20,40,81
2023-07-24,Product_9,7,0,74
2023-07-25,Product_9,9,0,65
2023-07-26,Product_9,5,0,60
2023-07-27,Product_9,9,30,81
2023-07-28,Product_9,7,0,74
2023-07-29,Product_9,15,40,99
2023-07-30,Product_9,20,0,79
2023-07-31,Product_9,6,0,73
2023-08-01,Product_9,20,30,83
2023-08-02,Product_9,13,0,70
2023-08-03,Product_9,17,50,103
2023-08-04,Product_9,6,0,97
2023-08-05,Product_9,24,0,73
2023-08-06,Product_9,25,30,78
2023-08-07,Product_9,15,0,63
2023-08-08,Product_9,12,40,91
2023-08-09,Product_9,12,0,79
2023-08-10,Product_9,8,0,71
2023-08-11,Product_9,14,50,107
2023-08-12,Product_9,25,0,82
2023-08-13,Product_9,18,0,64
2023-08-14,Product_9,18,40,86
2023-08-15,Product_9,12,0,74
2023-08-16,Product_9,19,40,95
2023-08-17,Product_9,16,0,79
2023-08-18,Product_9,12,0,67
2023-08-19,Product_9,18,40,89
2023-08-20,Product_9,19,0,70
2023-08-21,Product_9,17,30,83
2023-08-22,Product_9,15,0,68
2023-08-23,Product_9,16,40,92
2023-08-24,Product_9,16,0,76
2023-08-25,Product_9,6,0,70
2023-08-26,Product_9,25,40,85
2023-08-27,Product_9,18,0,67
2023-08-28,Product_9,8,50,109
2023-08-29,Product_9,17,0,92
2023-08-30,Product_9,17,0,75
2023-08-31,Product_9,10,0,65
2023-09-01,Product_9,9,30,86
2023-09-02,Product_9,14,0,72
2023-09-03,Product_9,23,30,79
2023-09-04,Product_9,14,0,65
2023-09-05,Product_9,15,30,80
2023-09-06,Product_9,5,0,75
2023-09-07,Product_9,13,0,62
2023-09-08,Product_9,11,40,91
2023-09-09,Product_9,15,0,76
2023-09-10,Product_9,26,40,90
2023-09-11,Product_9,6,0,84
2023-09-12,Product_9,6,0,78
2023-09-13,Product_9,20,50,108
2023-09-14,Product_9,18,0,90
2023-09-15,Product_9,17,0,73
2023-09-16,Product_9,15,30,88
2023-09-17,Product_9,23,0,65
2023-09-18,Product_9,7,50,108
2023-09-19,Product_9,11,0,97
2023-09-20,Product_9,11,0,86
2023-09-21,Product_9,12,0,74
2023-09-22,Product_9,19,40,95
2023-09-23,Product_9,19,0,76
2023-09-24,Product_9,28,40,88
2023-09-25,Product_9,8,0,80
2023-09-26,Product_9,15,0,65
2023-09-27,Product_9,12,40,93
2023-09-28,Product_9,17,0,76
2023-09-29,Product_9,10,0,66
2023-09-30,Product_9,27,40,79
2023-10-01,Product_9,19,0,60
2023-10-02,Product_9,10,30,80
2023-10-03,Product_9,10,0,70
2023-10-04,Product_9,12,50,108
2023-10-05,Product_9,5,0,103
2023-10-06,Product_9,14,0,89
2023-10-07,Product_9,19,0,70
2023-10-08,Product_9,25,30,75
2023-10-09,Product_9,15,0,60
2023-10-10,Product_9,19,30,71
2023-10-11,Product_9,9,0,62
2023-10-12,Product_9,7,40,95
2023-10-13,Product_9,18,0,77
2023-10-14,Product_9,26,30,81
2023-10-15,Product_9,14,0,67
2023-10-16,Product_9,16,30,81
2023-10-17,Product_9,11,0,70
2023-10-18,Product_9,7,0,63
2023-10-19,Product_9,13,30,80
2023-10-20,Product_9,11,0,69
2023-10-21,Product_9,15,40,94
2023-10-22,Product_9,22,0,72
2023-10-23,Product_9,5,0,67
2023-10-24,Product_9,18,40,89
2023-10-25,Product_9,7,0,82
2023-10-26,Product_9,12,0,70
2023-10-27,Product_9,13,40,97
2023-10-28,Product_9,24,0,73
2023-10-29,Product_9,14,50,109
2023-10-30,Product_9,9,0,100
2023-10-31,Product_9,8,0,92
2023-11-01,Product_9,6,0,86
2023-11-02,Product_9,18,0,68
2023-11-03,Product_9,13,30,85
2023-11-04,Product_9,22,0,63
2023-11-05,Product_9,22,50,91
2023-11-06,Product_9,6,0,85
2023-11-07,Product_9,15,0,70
2023-11-08,Product_9,17,30,83
2023-11-09,Product_9,20,0,63
2023-11-10,Product_9,10,30,83
2023-11-11,Product_9,24,50,109
2023-11-12,Product_9,17,0,92
2023-11-13,Product_9,12,0,80
2023-11-14,Product_9,19,0,61
2023-11-15,Product_9,6,40,95
2023-11-16,Product_9,6,0,89
2023-11-17,Product_9,12,0,77
2023-11-18,Product_9,28,40,89
2023-11-19,Product_9,24,0,65
2023-11-20,Product_9,8,50,107
2023-11-21,Product_9,14,0,93
2023-11-22,Product_9,13,0,80
2023-11-23,Product_9,13,0,67
2023-11-24,Product_9,10,40,97
2023-11-25,Product_9,17,0,80
2023-11-26,Product_9,22,30,88
2023-11-27,Product_9,6,0,82
2023-11-28,Product_9,18,0,64
2023-11-29,Product_9,5,30,89
2023-11-30,Product_9,15,0,74
2023-12-01,Product_9,15,50,109
2023-12-02,Product_9,28,0,81
2023-12-03,Product_9,12,0,69
2023-12-04,Product_9,7,0,62
2023-12-05,Product_9,7,30,85
2023-12-06,Product_9,12,0,73
2023-12-07,Product_9,19,40,94
2023-12-08,Product_9,10,0,84
2023-12-09,Product_9,15,0,69
2023-12-10,Product_9,20,50,99
2023-12-11,Product_9,9,0,90
2023-12-12,Product_9,16,0,74
2023-12-13,Product_9,17,30,87
2023-12-14,Product_9,12,0,75
2023-12-15,Product_9,15,0,60
2023-12-16,Product_9,16,30,74
2023-12-17,Product_9,28,50,96
2023-12-18,Product_9,7,0,89
2023-12-19,Product_9,14,0,75
2023-12-20,Product_9,20,30,85
2023-12-21,Product_9,20,0,65
2023-12-22,Product_9,10,50,105
2023-12-23,Product_9,12,0,93
2023-12-24,Product_9,22,0,71
2023-12-25,Product_9,14,30,87
2023-12-26,Product_9,7,0,80
2023-12-27,Product_9,12,0,68
2023-12-28,Product_9,19,50,99
2023-12-29,Product_9,8,0,91
2023-12-30,Product_9,20,0,71
2023-12-31,Product_9,25,30,76
